customer_id,name,email,city,phone,membership_plan,join_date
CUST0001,Customer 1,customer1@example.com,Phoenix,+1-290-838-8268,VIP,2026-04-05
CUST0002,Customer 2,customer2@example.com,Chicago,+1-696-530-7900,Basic,2025-06-23
CUST0003,Customer 3,customer3@example.com,San Jose,+1-937-130-2741,Basic,2024-07-28
CUST0004,Customer 4,customer4@example.com,New York,+1-100-423-9413,Basic,2025-12-08
CUST0005,Customer 5,customer5@example.com,San Diego,+1-644-872-8915,Basic,2025-02-11
CUST0006,Customer 6,customer6@example.com,New York,+1-122-490-9552,VIP,2024-08-01
CUST0007,Customer 7,customer7@example.com,Houston,+1-292-598-9414,Premium,2024-08-14
CUST0008,Customer 8,customer8@example.com,San Antonio,+1-892-221-9986,VIP,2025-05-26
CUST0009,Customer 9,customer9@example.com,Philadelphia,+1-662-587-5571,Basic,2025-06-26
CUST0010,Customer 10,customer10@example.com,Chicago,+1-468-144-1452,VIP,2025-03-02
CUST0011,Customer 11,customer11@example.com,Chicago,+1-689-987-4581,VIP,2025-03-07
CUST0012,Customer 12,customer12@example.com,Phoenix,+1-765-488-5258,Basic,2024-06-23
CUST0013,Customer 13,customer13@example.com,San Antonio,+1-439-100-8923,Premium,2025-10-01
CUST0014,Customer 14,customer14@example.com,San Antonio,+1-162-844-5799,Basic,2024-05-29
CUST0015,Customer 15,customer15@example.com,Dallas,+1-625-120-2553,Premium,2024-05-12
CUST0016,Customer 16,customer16@example.com,Phoenix,+1-809-473-7278,Premium,2026-01-01
CUST0017,Customer 17,customer17@example.com,New York,+1-760-625-7612,VIP,2026-02-02
CUST0018,Customer 18,customer18@example.com,San Diego,+1-439-509-4616,VIP,2025-05-08
CUST0019,Customer 19,customer19@example.com,San Antonio,+1-670-938-3376,VIP,2025-02-26
CUST0020,Customer 20,customer20@example.com,Dallas,+1-590-285-3454,VIP,2024-04-22
CUST0021,Customer 21,customer21@example.com,New York,+1-826-469-2438,VIP,2025-04-08
CUST0022,Customer 22,customer22@example.com,San Diego,+1-565-664-3364,Premium,2026-02-10
CUST0023,Customer 23,customer23@example.com,New York,+1-933-260-1919,VIP,2024-09-25
CUST0024,Customer 24,customer24@example.com,San Jose,+1-264-549-8097,Basic,2025-05-18
CUST0025,Customer 25,customer25@example.com,Dallas,+1-624-760-6436,Premium,2026-04-03
CUST0026,Customer 26,customer26@example.com,Houston,+1-448-967-7104,VIP,2024-07-26
CUST0027,Customer 27,customer27@example.com,Phoenix,+1-552-451-2540,VIP,2024-06-28
CUST0028,Customer 28,customer28@example.com,San Antonio,+1-945-942-3537,Basic,2024-11-03
CUST0029,Customer 29,customer29@example.com,Houston,+1-156-595-9367,Premium,2024-10-22
CUST0030,Customer 30,customer30@example.com,San Antonio,+1-226-968-7602,Premium,2025-06-28
CUST0031,Customer 31,customer31@example.com,Chicago,+1-259-557-1145,VIP,2026-04-13
CUST0032,Customer 32,customer32@example.com,San Diego,+1-264-603-5912,Basic,2025-02-24
CUST0033,Customer 33,customer33@example.com,Houston,+1-270-681-8984,Basic,2025-11-08
CUST0034,Customer 34,customer34@example.com,Philadelphia,+1-665-242-7786,Premium,2025-12-29
CUST0035,Customer 35,customer35@example.com,San Diego,+1-768-637-5642,Premium,2025-05-07
CUST0036,Customer 36,customer36@example.com,San Jose,+1-507-489-7088,Premium,2024-08-15
CUST0037,Customer 37,customer37@example.com,San Jose,+1-363-879-2713,Premium,2025-12-07
CUST0038,Customer 38,customer38@example.com,San Antonio,+1-181-499-8302,VIP,2024-06-25
CUST0039,Customer 39,customer39@example.com,Phoenix,+1-211-674-3699,VIP,2025-03-13
CUST0040,Customer 40,customer40@example.com,Los Angeles,+1-632-178-7601,VIP,2025-11-09
CUST0041,Customer 41,customer41@example.com,Los Angeles,+1-692-690-1140,VIP,2025-11-27
CUST0042,Customer 42,customer42@example.com,San Jose,+1-435-926-3262,Premium,2024-12-28
CUST0043,Customer 43,customer43@example.com,Philadelphia,+1-920-671-5351,VIP,2025-05-14
CUST0044,Customer 44,customer44@example.com,San Diego,+1-267-327-3316,VIP,2024-07-11
CUST0045,Customer 45,customer45@example.com,San Diego,+1-578-147-7866,Premium,2026-01-09
CUST0046,Customer 46,customer46@example.com,San Jose,+1-139-582-3215,Basic,2026-03-16
CUST0047,Customer 47,customer47@example.com,Los Angeles,+1-665-372-5748,Basic,2025-05-01
CUST0048,Customer 48,customer48@example.com,Dallas,+1-841-417-3807,Premium,2024-11-23
CUST0049,Customer 49,customer49@example.com,San Diego,+1-178-625-6528,VIP,2025-05-28
CUST0050,Customer 50,customer50@example.com,San Diego,+1-172-217-3406,Basic,2026-01-02
CUST0051,Customer 51,customer51@example.com,San Jose,+1-156-625-9247,Premium,2025-12-15
CUST0052,Customer 52,customer52@example.com,Houston,+1-130-171-9449,VIP,2025-08-21
CUST0053,Customer 53,customer53@example.com,San Diego,+1-852-109-1665,VIP,2025-04-21
CUST0054,Customer 54,customer54@example.com,Houston,+1-670-664-7541,VIP,2024-12-11
CUST0055,Customer 55,customer55@example.com,New York,+1-570-207-9348,Basic,2024-07-13
CUST0056,Customer 56,customer56@example.com,San Antonio,+1-923-656-2080,Premium,2025-05-01
CUST0057,Customer 57,customer57@example.com,New York,+1-310-932-2542,VIP,2026-01-31
CUST0058,Customer 58,customer58@example.com,Phoenix,+1-797-655-9289,Basic,2025-08-23
CUST0059,Customer 59,customer59@example.com,Los Angeles,+1-733-430-4179,VIP,2026-02-04
CUST0060,Customer 60,customer60@example.com,Los Angeles,+1-840-620-3539,Premium,2024-11-01
CUST0061,Customer 61,customer61@example.com,New York,+1-442-709-4095,Premium,2025-12-30
CUST0062,Customer 62,customer62@example.com,Phoenix,+1-774-131-1022,Premium,2024-07-20
CUST0063,Customer 63,customer63@example.com,Philadelphia,+1-460-948-3035,Premium,2024-04-29
CUST0064,Customer 64,customer64@example.com,Philadelphia,+1-638-735-7530,Premium,2024-07-09
CUST0065,Customer 65,customer65@example.com,Phoenix,+1-193-252-1458,VIP,2025-03-23
CUST0066,Customer 66,customer66@example.com,San Antonio,+1-792-762-1049,Premium,2026-03-21
CUST0067,Customer 67,customer67@example.com,Dallas,+1-398-647-7767,Premium,2025-09-19
CUST0068,Customer 68,customer68@example.com,New York,+1-427-507-4602,Basic,2024-07-25
CUST0069,Customer 69,customer69@example.com,Chicago,+1-133-796-3897,Premium,2025-10-03
CUST0070,Customer 70,customer70@example.com,San Jose,+1-860-322-7029,Premium,2024-07-06
CUST0071,Customer 71,customer71@example.com,Chicago,+1-268-161-2440,Basic,2024-11-22
CUST0072,Customer 72,customer72@example.com,Los Angeles,+1-221-523-6409,Premium,2025-07-27
CUST0073,Customer 73,customer73@example.com,San Diego,+1-882-151-3377,VIP,2024-09-03
CUST0074,Customer 74,customer74@example.com,Los Angeles,+1-423-667-5746,Premium,2025-12-10
CUST0075,Customer 75,customer75@example.com,San Antonio,+1-512-963-7957,Basic,2024-11-27
CUST0076,Customer 76,customer76@example.com,Los Angeles,+1-257-821-1851,Basic,2025-02-16
CUST0077,Customer 77,customer77@example.com,San Jose,+1-250-289-7912,Basic,2024-10-02
CUST0078,Customer 78,customer78@example.com,Dallas,+1-157-328-9279,VIP,2024-08-17
CUST0079,Customer 79,customer79@example.com,Los Angeles,+1-167-281-3960,VIP,2024-11-20
CUST0080,Customer 80,customer80@example.com,San Diego,+1-155-371-8054,Premium,2024-08-18
CUST0081,Customer 81,customer81@example.com,San Jose,+1-187-306-4994,Basic,2025-01-11
CUST0082,Customer 82,customer82@example.com,Chicago,+1-691-439-8644,Premium,2025-07-20
CUST0083,Customer 83,customer83@example.com,New York,+1-492-488-4130,Basic,2025-05-17
CUST0084,Customer 84,customer84@example.com,San Jose,+1-323-545-6709,Premium,2026-02-12
CUST0085,Customer 85,customer85@example.com,New York,+1-186-494-3384,Premium,2025-10-15
CUST0086,Customer 86,customer86@example.com,Philadelphia,+1-935-990-6293,VIP,2025-01-04
CUST0087,Customer 87,customer87@example.com,Philadelphia,+1-419-200-4614,VIP,2024-04-21
CUST0088,Customer 88,customer88@example.com,San Diego,+1-443-345-9786,VIP,2024-10-30
CUST0089,Customer 89,customer89@example.com,Houston,+1-890-854-8109,VIP,2026-03-16
CUST0090,Customer 90,customer90@example.com,Chicago,+1-802-491-4477,Premium,2026-01-11
CUST0091,Customer 91,customer91@example.com,Dallas,+1-161-616-6602,Basic,2026-01-21
CUST0092,Customer 92,customer92@example.com,San Jose,+1-758-698-9348,Basic,2025-01-23
CUST0093,Customer 93,customer93@example.com,Phoenix,+1-103-445-9166,Basic,2025-01-31
CUST0094,Customer 94,customer94@example.com,Dallas,+1-418-840-2496,VIP,2024-12-09
CUST0095,Customer 95,customer95@example.com,Dallas,+1-373-404-1122,Basic,2025-10-16
CUST0096,Customer 96,customer96@example.com,Los Angeles,+1-438-104-9642,VIP,2024-08-21
CUST0097,Customer 97,customer97@example.com,Houston,+1-844-978-5469,Basic,2025-03-21
CUST0098,Customer 98,customer98@example.com,San Jose,+1-460-267-6078,Basic,2026-03-22
CUST0099,Customer 99,customer99@example.com,Dallas,+1-855-982-1366,VIP,2025-06-06
CUST0100,Customer 100,customer100@example.com,Los Angeles,+1-260-457-9240,VIP,2025-08-17
CUST0101,Customer 101,customer101@example.com,Philadelphia,+1-299-865-1069,Premium,2026-04-19
CUST0102,Customer 102,customer102@example.com,Los Angeles,+1-956-498-8773,Premium,2025-06-01
CUST0103,Customer 103,customer103@example.com,Phoenix,+1-817-837-6156,Premium,2024-11-07
CUST0104,Customer 104,customer104@example.com,New York,+1-966-118-7551,Basic,2025-11-21
CUST0105,Customer 105,customer105@example.com,Phoenix,+1-496-993-9803,Basic,2025-01-12
CUST0106,Customer 106,customer106@example.com,Chicago,+1-311-305-4466,Premium,2025-12-16
CUST0107,Customer 107,customer107@example.com,Houston,+1-702-512-3208,VIP,2025-08-10
CUST0108,Customer 108,customer108@example.com,San Antonio,+1-746-351-3836,VIP,2024-05-05
CUST0109,Customer 109,customer109@example.com,Phoenix,+1-168-468-7031,Premium,2025-09-16
CUST0110,Customer 110,customer110@example.com,San Jose,+1-727-241-5482,Basic,2025-11-22
CUST0111,Customer 111,customer111@example.com,San Diego,+1-458-526-8201,Premium,2025-09-14
CUST0112,Customer 112,customer112@example.com,Houston,+1-796-144-7309,Premium,2026-01-08
CUST0113,Customer 113,customer113@example.com,Philadelphia,+1-923-248-3662,VIP,2025-09-02
CUST0114,Customer 114,customer114@example.com,Chicago,+1-518-290-1650,Premium,2025-10-23
CUST0115,Customer 115,customer115@example.com,Houston,+1-607-469-4305,Premium,2025-09-29
CUST0116,Customer 116,customer116@example.com,San Diego,+1-641-324-4909,Basic,2025-04-24
CUST0117,Customer 117,customer117@example.com,San Diego,+1-576-822-6678,Basic,2024-08-30
CUST0118,Customer 118,customer118@example.com,New York,+1-504-873-8875,VIP,2025-04-25
CUST0119,Customer 119,customer119@example.com,Los Angeles,+1-451-996-2641,Premium,2025-07-20
CUST0120,Customer 120,customer120@example.com,Philadelphia,+1-971-204-6751,Premium,2025-04-08
CUST0121,Customer 121,customer121@example.com,Dallas,+1-148-483-4080,Premium,2026-01-04
CUST0122,Customer 122,customer122@example.com,Chicago,+1-871-309-6355,VIP,2025-10-19
CUST0123,Customer 123,customer123@example.com,Philadelphia,+1-949-794-5403,Premium,2025-07-31
CUST0124,Customer 124,customer124@example.com,Phoenix,+1-165-812-6368,Premium,2026-03-30
CUST0125,Customer 125,customer125@example.com,Dallas,+1-807-295-4175,Basic,2024-11-20
CUST0126,Customer 126,customer126@example.com,New York,+1-412-348-7613,Premium,2025-10-19
CUST0127,Customer 127,customer127@example.com,Los Angeles,+1-412-107-5005,Premium,2025-05-10
CUST0128,Customer 128,customer128@example.com,Philadelphia,+1-630-913-6737,Basic,2024-12-14
CUST0129,Customer 129,customer129@example.com,Phoenix,+1-696-540-1770,Basic,2025-07-27
CUST0130,Customer 130,customer130@example.com,San Antonio,+1-450-157-6528,Basic,2024-08-20
CUST0131,Customer 131,customer131@example.com,Phoenix,+1-202-770-2178,VIP,2025-10-09
CUST0132,Customer 132,customer132@example.com,Houston,+1-963-375-5387,VIP,2026-03-16
CUST0133,Customer 133,customer133@example.com,Phoenix,+1-615-406-2825,VIP,2025-04-18
CUST0134,Customer 134,customer134@example.com,Phoenix,+1-783-536-1553,Basic,2024-08-09
CUST0135,Customer 135,customer135@example.com,San Antonio,+1-977-189-4928,Basic,2024-05-14
CUST0136,Customer 136,customer136@example.com,Chicago,+1-532-329-2526,Basic,2025-07-25
CUST0137,Customer 137,customer137@example.com,New York,+1-896-272-3629,Basic,2024-11-05
CUST0138,Customer 138,customer138@example.com,Los Angeles,+1-558-242-2163,VIP,2025-08-02
CUST0139,Customer 139,customer139@example.com,Chicago,+1-678-496-7616,Basic,2024-07-21
CUST0140,Customer 140,customer140@example.com,San Diego,+1-205-205-9122,Premium,2024-08-27
CUST0141,Customer 141,customer141@example.com,Philadelphia,+1-582-450-2071,VIP,2025-07-16
CUST0142,Customer 142,customer142@example.com,Philadelphia,+1-804-423-4329,Premium,2024-11-23
CUST0143,Customer 143,customer143@example.com,Phoenix,+1-399-170-8371,Premium,2025-05-10
CUST0144,Customer 144,customer144@example.com,Chicago,+1-484-198-4661,VIP,2024-05-26
CUST0145,Customer 145,customer145@example.com,San Diego,+1-113-532-9885,Premium,2024-11-09
CUST0146,Customer 146,customer146@example.com,Houston,+1-782-848-6155,VIP,2025-07-01
CUST0147,Customer 147,customer147@example.com,Chicago,+1-351-224-4173,Basic,2025-04-23
CUST0148,Customer 148,customer148@example.com,Houston,+1-613-308-3667,Basic,2024-12-15
CUST0149,Customer 149,customer149@example.com,Houston,+1-351-870-6431,Basic,2025-12-23
CUST0150,Customer 150,customer150@example.com,Phoenix,+1-967-563-7429,Premium,2024-09-15
CUST0151,Customer 151,customer151@example.com,Chicago,+1-649-250-1431,Premium,2025-08-21
CUST0152,Customer 152,customer152@example.com,Chicago,+1-761-698-3325,VIP,2025-07-11
CUST0153,Customer 153,customer153@example.com,Philadelphia,+1-813-339-8460,VIP,2025-11-13
CUST0154,Customer 154,customer154@example.com,San Jose,+1-582-889-9129,Premium,2026-01-12
CUST0155,Customer 155,customer155@example.com,San Diego,+1-309-115-2366,Premium,2024-12-12
CUST0156,Customer 156,customer156@example.com,Houston,+1-157-987-1866,Premium,2025-05-04
CUST0157,Customer 157,customer157@example.com,Dallas,+1-933-566-8803,Premium,2025-03-20
CUST0158,Customer 158,customer158@example.com,New York,+1-548-660-5429,Premium,2025-10-18
CUST0159,Customer 159,customer159@example.com,Philadelphia,+1-284-589-3315,VIP,2024-12-24
CUST0160,Customer 160,customer160@example.com,Los Angeles,+1-916-767-4840,VIP,2025-11-20
CUST0161,Customer 161,customer161@example.com,Houston,+1-946-736-4231,VIP,2025-08-08
CUST0162,Customer 162,customer162@example.com,New York,+1-634-830-4238,Basic,2025-04-10
CUST0163,Customer 163,customer163@example.com,Phoenix,+1-527-882-9525,Premium,2025-08-16
CUST0164,Customer 164,customer164@example.com,Chicago,+1-900-305-6337,Basic,2025-09-29
CUST0165,Customer 165,customer165@example.com,New York,+1-249-765-1663,Premium,2025-01-07
CUST0166,Customer 166,customer166@example.com,San Antonio,+1-374-844-8735,Premium,2025-07-01
CUST0167,Customer 167,customer167@example.com,Los Angeles,+1-551-883-5801,VIP,2024-12-24
CUST0168,Customer 168,customer168@example.com,San Jose,+1-738-414-9230,Basic,2024-05-20
CUST0169,Customer 169,customer169@example.com,Phoenix,+1-175-834-9512,VIP,2024-08-23
CUST0170,Customer 170,customer170@example.com,Philadelphia,+1-279-140-5349,VIP,2026-01-26
CUST0171,Customer 171,customer171@example.com,Dallas,+1-773-226-9803,Premium,2025-11-14
CUST0172,Customer 172,customer172@example.com,San Antonio,+1-854-606-8405,Basic,2025-04-12
CUST0173,Customer 173,customer173@example.com,Los Angeles,+1-410-816-9802,Premium,2025-07-06
CUST0174,Customer 174,customer174@example.com,Los Angeles,+1-594-472-8103,VIP,2025-03-08
CUST0175,Customer 175,customer175@example.com,Phoenix,+1-326-511-2185,Basic,2026-01-18
CUST0176,Customer 176,customer176@example.com,Phoenix,+1-549-791-3673,VIP,2025-09-20
CUST0177,Customer 177,customer177@example.com,San Antonio,+1-567-619-5316,Basic,2024-06-30
CUST0178,Customer 178,customer178@example.com,Chicago,+1-667-412-2233,Premium,2025-04-03
CUST0179,Customer 179,customer179@example.com,Chicago,+1-365-854-9223,Premium,2024-08-17
CUST0180,Customer 180,customer180@example.com,Dallas,+1-516-390-9938,Basic,2024-09-26
CUST0181,Customer 181,customer181@example.com,San Jose,+1-138-585-2974,Premium,2025-11-15
CUST0182,Customer 182,customer182@example.com,Chicago,+1-802-114-6814,Premium,2024-10-23
CUST0183,Customer 183,customer183@example.com,San Diego,+1-846-698-4725,VIP,2025-03-07
CUST0184,Customer 184,customer184@example.com,Los Angeles,+1-246-776-3972,Premium,2026-03-22
CUST0185,Customer 185,customer185@example.com,Phoenix,+1-877-460-6150,Premium,2025-09-12
CUST0186,Customer 186,customer186@example.com,Dallas,+1-162-556-7581,VIP,2024-08-27
CUST0187,Customer 187,customer187@example.com,Philadelphia,+1-250-302-2923,Basic,2025-08-10
CUST0188,Customer 188,customer188@example.com,Philadelphia,+1-677-672-3481,Basic,2026-02-20
CUST0189,Customer 189,customer189@example.com,Philadelphia,+1-519-958-6180,Basic,2024-10-02
CUST0190,Customer 190,customer190@example.com,Philadelphia,+1-559-561-9194,VIP,2024-04-22
CUST0191,Customer 191,customer191@example.com,San Antonio,+1-920-227-9058,VIP,2025-08-12
CUST0192,Customer 192,customer192@example.com,New York,+1-309-736-1887,VIP,2025-03-04
CUST0193,Customer 193,customer193@example.com,Chicago,+1-287-877-6154,Premium,2024-06-15
CUST0194,Customer 194,customer194@example.com,Los Angeles,+1-319-858-2398,VIP,2025-04-25
CUST0195,Customer 195,customer195@example.com,San Diego,+1-582-940-3791,Basic,2024-12-21
CUST0196,Customer 196,customer196@example.com,Chicago,+1-145-484-5691,VIP,2024-06-20
CUST0197,Customer 197,customer197@example.com,New York,+1-999-496-3120,Premium,2024-07-29
CUST0198,Customer 198,customer198@example.com,San Antonio,+1-893-810-7431,VIP,2024-07-02
CUST0199,Customer 199,customer199@example.com,Dallas,+1-324-100-9718,Basic,2025-10-08
CUST0200,Customer 200,customer200@example.com,Philadelphia,+1-718-209-4671,VIP,2024-11-22
CUST0201,Customer 201,customer201@example.com,Los Angeles,+1-808-785-3598,Premium,2026-01-19
CUST0202,Customer 202,customer202@example.com,Philadelphia,+1-331-206-9239,VIP,2024-04-21
CUST0203,Customer 203,customer203@example.com,Dallas,+1-169-164-4247,VIP,2024-11-22
CUST0204,Customer 204,customer204@example.com,Phoenix,+1-893-425-3156,VIP,2026-04-19
CUST0205,Customer 205,customer205@example.com,Chicago,+1-160-346-9568,Premium,2025-03-27
CUST0206,Customer 206,customer206@example.com,Philadelphia,+1-152-346-5339,VIP,2025-03-05
CUST0207,Customer 207,customer207@example.com,Dallas,+1-875-642-3997,Basic,2025-10-05
CUST0208,Customer 208,customer208@example.com,San Diego,+1-552-200-2138,Premium,2024-09-22
CUST0209,Customer 209,customer209@example.com,Chicago,+1-568-662-1671,VIP,2025-02-11
CUST0210,Customer 210,customer210@example.com,Houston,+1-207-313-9935,VIP,2024-06-30
CUST0211,Customer 211,customer211@example.com,Chicago,+1-550-660-4149,VIP,2024-08-15
CUST0212,Customer 212,customer212@example.com,New York,+1-461-649-2130,Premium,2025-02-10
CUST0213,Customer 213,customer213@example.com,San Diego,+1-803-799-3779,Premium,2025-12-28
CUST0214,Customer 214,customer214@example.com,San Antonio,+1-390-940-5080,Premium,2025-06-07
CUST0215,Customer 215,customer215@example.com,Philadelphia,+1-387-541-4651,Premium,2024-11-01
CUST0216,Customer 216,customer216@example.com,Dallas,+1-597-954-5782,Basic,2024-07-23
CUST0217,Customer 217,customer217@example.com,Houston,+1-137-442-2026,Premium,2024-11-11
CUST0218,Customer 218,customer218@example.com,San Antonio,+1-157-215-8439,Basic,2026-02-27
CUST0219,Customer 219,customer219@example.com,Philadelphia,+1-615-132-5699,Premium,2025-10-22
CUST0220,Customer 220,customer220@example.com,Chicago,+1-604-988-2068,Premium,2024-07-12
CUST0221,Customer 221,customer221@example.com,Chicago,+1-857-854-9162,Premium,2025-02-10
CUST0222,Customer 222,customer222@example.com,Philadelphia,+1-131-660-2160,Basic,2025-11-07
CUST0223,Customer 223,customer223@example.com,Los Angeles,+1-649-397-6746,Basic,2024-08-07
CUST0224,Customer 224,customer224@example.com,Houston,+1-937-251-5135,VIP,2026-01-28
CUST0225,Customer 225,customer225@example.com,New York,+1-511-150-9161,VIP,2025-05-03
CUST0226,Customer 226,customer226@example.com,Houston,+1-728-915-2634,VIP,2024-08-18
CUST0227,Customer 227,customer227@example.com,Chicago,+1-285-613-7017,Premium,2024-07-23
CUST0228,Customer 228,customer228@example.com,San Antonio,+1-403-281-6312,Basic,2025-03-09
CUST0229,Customer 229,customer229@example.com,Phoenix,+1-920-144-2675,Premium,2025-05-09
CUST0230,Customer 230,customer230@example.com,Dallas,+1-936-856-9438,VIP,2025-02-04
CUST0231,Customer 231,customer231@example.com,Dallas,+1-836-131-5983,Premium,2025-10-11
CUST0232,Customer 232,customer232@example.com,Dallas,+1-352-772-3595,Premium,2026-02-04
CUST0233,Customer 233,customer233@example.com,Dallas,+1-929-710-6261,Premium,2025-06-05
CUST0234,Customer 234,customer234@example.com,Dallas,+1-678-740-6566,Premium,2024-07-12
CUST0235,Customer 235,customer235@example.com,Los Angeles,+1-985-189-4797,Basic,2025-05-14
CUST0236,Customer 236,customer236@example.com,Los Angeles,+1-335-794-7565,Premium,2025-01-19
CUST0237,Customer 237,customer237@example.com,New York,+1-221-999-4659,Premium,2026-02-05
CUST0238,Customer 238,customer238@example.com,Chicago,+1-196-404-3097,VIP,2024-07-11
CUST0239,Customer 239,customer239@example.com,Chicago,+1-591-213-4437,VIP,2025-11-25
CUST0240,Customer 240,customer240@example.com,Chicago,+1-979-844-9068,Basic,2025-01-31
CUST0241,Customer 241,customer241@example.com,Houston,+1-722-119-5957,VIP,2025-04-03
CUST0242,Customer 242,customer242@example.com,Philadelphia,+1-632-370-5461,Premium,2025-12-27
CUST0243,Customer 243,customer243@example.com,San Antonio,+1-883-339-4690,VIP,2024-11-16
CUST0244,Customer 244,customer244@example.com,Philadelphia,+1-586-516-2486,Basic,2024-11-03
CUST0245,Customer 245,customer245@example.com,San Jose,+1-613-343-8097,VIP,2024-06-23
CUST0246,Customer 246,customer246@example.com,New York,+1-627-122-6262,Basic,2026-01-01
CUST0247,Customer 247,customer247@example.com,Los Angeles,+1-895-491-2159,Premium,2025-10-15
CUST0248,Customer 248,customer248@example.com,Los Angeles,+1-655-773-8692,Basic,2024-07-03
CUST0249,Customer 249,customer249@example.com,New York,+1-446-210-7061,VIP,2024-12-17
CUST0250,Customer 250,customer250@example.com,Houston,+1-428-748-9300,Basic,2025-08-30
CUST0251,Customer 251,customer251@example.com,Los Angeles,+1-496-731-1751,Basic,2026-02-14
CUST0252,Customer 252,customer252@example.com,Chicago,+1-886-445-4014,Basic,2025-02-06
CUST0253,Customer 253,customer253@example.com,Philadelphia,+1-533-416-5060,Premium,2024-11-24
CUST0254,Customer 254,customer254@example.com,San Antonio,+1-212-560-8262,Premium,2025-09-02
CUST0255,Customer 255,customer255@example.com,San Diego,+1-947-998-6304,Basic,2024-12-13
CUST0256,Customer 256,customer256@example.com,San Diego,+1-172-727-5064,VIP,2026-02-01
CUST0257,Customer 257,customer257@example.com,Dallas,+1-577-112-6402,Premium,2024-08-02
CUST0258,Customer 258,customer258@example.com,San Jose,+1-624-735-8245,Basic,2025-05-16
CUST0259,Customer 259,customer259@example.com,Philadelphia,+1-925-253-9884,Premium,2024-08-20
CUST0260,Customer 260,customer260@example.com,Los Angeles,+1-735-459-2970,Premium,2025-06-17
CUST0261,Customer 261,customer261@example.com,San Antonio,+1-183-894-1120,VIP,2024-06-26
CUST0262,Customer 262,customer262@example.com,Philadelphia,+1-844-389-8755,VIP,2024-07-28
CUST0263,Customer 263,customer263@example.com,New York,+1-349-165-3215,VIP,2025-05-01
CUST0264,Customer 264,customer264@example.com,New York,+1-499-942-8335,Basic,2024-12-30
CUST0265,Customer 265,customer265@example.com,San Jose,+1-323-320-2877,Basic,2026-03-15
CUST0266,Customer 266,customer266@example.com,Phoenix,+1-609-666-6758,VIP,2025-10-30
CUST0267,Customer 267,customer267@example.com,Dallas,+1-400-953-3278,Premium,2026-04-15
CUST0268,Customer 268,customer268@example.com,Philadelphia,+1-372-281-3530,Basic,2024-11-04
CUST0269,Customer 269,customer269@example.com,New York,+1-740-595-3623,VIP,2024-10-08
CUST0270,Customer 270,customer270@example.com,Phoenix,+1-634-568-9333,VIP,2025-09-18
CUST0271,Customer 271,customer271@example.com,San Diego,+1-708-491-7546,Basic,2024-10-04
CUST0272,Customer 272,customer272@example.com,Dallas,+1-351-549-2346,Premium,2025-01-08
CUST0273,Customer 273,customer273@example.com,San Antonio,+1-743-508-2269,Premium,2026-04-15
CUST0274,Customer 274,customer274@example.com,San Diego,+1-755-454-7193,Premium,2025-10-08
CUST0275,Customer 275,customer275@example.com,New York,+1-307-776-3197,Premium,2024-07-08
CUST0276,Customer 276,customer276@example.com,San Jose,+1-889-278-4121,Basic,2025-09-26
CUST0277,Customer 277,customer277@example.com,New York,+1-541-931-4481,VIP,2026-04-13
CUST0278,Customer 278,customer278@example.com,Phoenix,+1-140-816-6522,Basic,2024-12-06
CUST0279,Customer 279,customer279@example.com,Los Angeles,+1-994-701-4997,VIP,2026-02-07
CUST0280,Customer 280,customer280@example.com,Chicago,+1-482-729-6916,Basic,2024-11-20
CUST0281,Customer 281,customer281@example.com,New York,+1-242-656-3110,Basic,2024-10-01
CUST0282,Customer 282,customer282@example.com,Philadelphia,+1-353-614-8091,Premium,2024-08-31
CUST0283,Customer 283,customer283@example.com,Chicago,+1-235-276-1447,VIP,2024-09-24
CUST0284,Customer 284,customer284@example.com,San Antonio,+1-403-706-4250,Premium,2025-01-18
CUST0285,Customer 285,customer285@example.com,Phoenix,+1-827-560-3756,VIP,2025-01-10
CUST0286,Customer 286,customer286@example.com,Philadelphia,+1-265-605-1289,VIP,2025-11-24
CUST0287,Customer 287,customer287@example.com,San Jose,+1-832-447-1147,VIP,2024-07-18
CUST0288,Customer 288,customer288@example.com,Dallas,+1-332-472-5567,Premium,2025-05-15
CUST0289,Customer 289,customer289@example.com,Dallas,+1-347-534-2361,VIP,2025-03-28
CUST0290,Customer 290,customer290@example.com,New York,+1-638-314-3846,Basic,2026-02-19
CUST0291,Customer 291,customer291@example.com,San Jose,+1-245-279-7447,Basic,2025-02-23
CUST0292,Customer 292,customer292@example.com,San Jose,+1-977-402-7234,Premium,2024-05-04
CUST0293,Customer 293,customer293@example.com,New York,+1-992-446-2599,Premium,2026-01-02
CUST0294,Customer 294,customer294@example.com,San Antonio,+1-865-157-8711,Premium,2025-08-19
CUST0295,Customer 295,customer295@example.com,San Antonio,+1-413-573-3426,Basic,2026-01-31
CUST0296,Customer 296,customer296@example.com,Houston,+1-523-911-7240,Premium,2025-11-08
CUST0297,Customer 297,customer297@example.com,San Antonio,+1-339-352-3882,Premium,2024-10-10
CUST0298,Customer 298,customer298@example.com,Los Angeles,+1-487-463-2713,VIP,2025-07-17
CUST0299,Customer 299,customer299@example.com,San Jose,+1-218-847-9489,Basic,2025-11-11
CUST0300,Customer 300,customer300@example.com,Los Angeles,+1-172-351-8214,VIP,2026-01-05
CUST0301,Customer 301,customer301@example.com,Philadelphia,+1-351-664-1455,Premium,2025-06-03
CUST0302,Customer 302,customer302@example.com,New York,+1-640-129-8222,Premium,2024-10-24
CUST0303,Customer 303,customer303@example.com,San Jose,+1-188-903-4502,Basic,2026-04-13
CUST0304,Customer 304,customer304@example.com,Phoenix,+1-578-380-9635,VIP,2025-10-25
CUST0305,Customer 305,customer305@example.com,San Antonio,+1-196-719-6868,Basic,2025-09-22
CUST0306,Customer 306,customer306@example.com,Houston,+1-620-540-7201,VIP,2025-12-30
CUST0307,Customer 307,customer307@example.com,Houston,+1-724-572-6923,Premium,2025-09-11
CUST0308,Customer 308,customer308@example.com,Los Angeles,+1-791-670-3749,VIP,2025-06-01
CUST0309,Customer 309,customer309@example.com,Dallas,+1-346-216-9976,Basic,2025-11-25
CUST0310,Customer 310,customer310@example.com,Dallas,+1-435-642-9447,Basic,2024-05-26
CUST0311,Customer 311,customer311@example.com,Houston,+1-543-485-6073,Basic,2026-03-06
CUST0312,Customer 312,customer312@example.com,San Diego,+1-216-420-4215,Premium,2025-03-16
CUST0313,Customer 313,customer313@example.com,Chicago,+1-512-920-8325,VIP,2025-04-25
CUST0314,Customer 314,customer314@example.com,San Diego,+1-446-128-9906,Basic,2024-09-02
CUST0315,Customer 315,customer315@example.com,Los Angeles,+1-571-155-9072,Basic,2025-03-01
CUST0316,Customer 316,customer316@example.com,Houston,+1-485-738-5189,Premium,2025-01-29
CUST0317,Customer 317,customer317@example.com,Los Angeles,+1-869-640-3337,Premium,2025-12-27
CUST0318,Customer 318,customer318@example.com,Dallas,+1-887-176-7888,VIP,2026-03-06
CUST0319,Customer 319,customer319@example.com,Chicago,+1-681-121-1331,Basic,2026-02-04
CUST0320,Customer 320,customer320@example.com,New York,+1-717-771-9172,VIP,2025-08-11
CUST0321,Customer 321,customer321@example.com,Phoenix,+1-509-844-1395,Basic,2024-09-03
CUST0322,Customer 322,customer322@example.com,Houston,+1-881-603-5440,VIP,2024-09-03
CUST0323,Customer 323,customer323@example.com,San Antonio,+1-701-359-2567,VIP,2024-08-16
CUST0324,Customer 324,customer324@example.com,Philadelphia,+1-306-745-6825,VIP,2025-07-06
CUST0325,Customer 325,customer325@example.com,New York,+1-754-684-5474,Basic,2024-05-19
CUST0326,Customer 326,customer326@example.com,Chicago,+1-948-204-2008,Basic,2025-08-28
CUST0327,Customer 327,customer327@example.com,Philadelphia,+1-781-862-1534,Basic,2025-02-06
CUST0328,Customer 328,customer328@example.com,Dallas,+1-199-541-4212,VIP,2025-06-10
CUST0329,Customer 329,customer329@example.com,San Diego,+1-336-115-6552,Premium,2025-02-28
CUST0330,Customer 330,customer330@example.com,Chicago,+1-428-316-2108,Premium,2025-10-17
CUST0331,Customer 331,customer331@example.com,Phoenix,+1-961-440-1614,Premium,2025-02-24
CUST0332,Customer 332,customer332@example.com,Los Angeles,+1-603-260-8772,VIP,2026-03-05
CUST0333,Customer 333,customer333@example.com,Dallas,+1-554-310-1760,Premium,2025-08-24
CUST0334,Customer 334,customer334@example.com,Houston,+1-579-696-2633,Premium,2025-07-01
CUST0335,Customer 335,customer335@example.com,San Jose,+1-389-238-4087,Premium,2025-09-22
CUST0336,Customer 336,customer336@example.com,Houston,+1-177-757-4621,Basic,2025-07-12
CUST0337,Customer 337,customer337@example.com,Houston,+1-566-572-2518,Premium,2025-01-05
CUST0338,Customer 338,customer338@example.com,New York,+1-791-616-3320,Basic,2024-06-04
CUST0339,Customer 339,customer339@example.com,Houston,+1-827-432-2283,VIP,2024-12-24
CUST0340,Customer 340,customer340@example.com,San Jose,+1-818-536-9661,Basic,2025-01-19
CUST0341,Customer 341,customer341@example.com,Los Angeles,+1-442-768-5391,Basic,2026-02-02
CUST0342,Customer 342,customer342@example.com,Los Angeles,+1-248-430-3607,Basic,2025-01-22
CUST0343,Customer 343,customer343@example.com,San Diego,+1-529-574-2376,Premium,2024-08-15
CUST0344,Customer 344,customer344@example.com,Houston,+1-785-228-1232,Basic,2025-03-19
CUST0345,Customer 345,customer345@example.com,Philadelphia,+1-993-870-7770,Basic,2025-03-11
CUST0346,Customer 346,customer346@example.com,Phoenix,+1-682-883-6485,Basic,2025-12-02
CUST0347,Customer 347,customer347@example.com,Phoenix,+1-284-123-3240,VIP,2025-02-02
CUST0348,Customer 348,customer348@example.com,Los Angeles,+1-629-658-8037,Premium,2024-07-01
CUST0349,Customer 349,customer349@example.com,San Jose,+1-481-484-3490,Basic,2024-12-18
CUST0350,Customer 350,customer350@example.com,Chicago,+1-958-851-3081,Basic,2024-11-13
CUST0351,Customer 351,customer351@example.com,Los Angeles,+1-775-433-4573,VIP,2025-03-09
CUST0352,Customer 352,customer352@example.com,San Diego,+1-863-716-3198,Premium,2025-10-27
CUST0353,Customer 353,customer353@example.com,Phoenix,+1-267-942-3911,Basic,2024-10-02
CUST0354,Customer 354,customer354@example.com,San Jose,+1-848-739-5922,Basic,2024-06-20
CUST0355,Customer 355,customer355@example.com,Los Angeles,+1-140-678-7782,Basic,2024-12-29
CUST0356,Customer 356,customer356@example.com,New York,+1-714-185-7675,Premium,2024-12-10
CUST0357,Customer 357,customer357@example.com,Philadelphia,+1-581-953-6100,Premium,2025-08-24
CUST0358,Customer 358,customer358@example.com,Chicago,+1-659-275-3651,Premium,2024-08-13
CUST0359,Customer 359,customer359@example.com,San Antonio,+1-593-775-5297,Basic,2025-10-26
CUST0360,Customer 360,customer360@example.com,San Antonio,+1-484-213-9815,Premium,2025-11-21
CUST0361,Customer 361,customer361@example.com,Los Angeles,+1-724-138-9620,VIP,2024-12-19
CUST0362,Customer 362,customer362@example.com,San Diego,+1-626-468-5256,Basic,2025-04-11
CUST0363,Customer 363,customer363@example.com,Phoenix,+1-913-162-7009,VIP,2024-08-27
CUST0364,Customer 364,customer364@example.com,Chicago,+1-952-805-2660,Basic,2026-01-25
CUST0365,Customer 365,customer365@example.com,Philadelphia,+1-827-914-8848,Basic,2024-07-24
CUST0366,Customer 366,customer366@example.com,San Jose,+1-544-838-5977,Premium,2024-10-30
CUST0367,Customer 367,customer367@example.com,San Antonio,+1-285-272-1462,Premium,2025-12-16
CUST0368,Customer 368,customer368@example.com,San Jose,+1-375-217-5903,Basic,2026-02-18
CUST0369,Customer 369,customer369@example.com,Los Angeles,+1-397-460-1552,Basic,2024-11-17
CUST0370,Customer 370,customer370@example.com,New York,+1-704-606-5464,Premium,2025-12-29
CUST0371,Customer 371,customer371@example.com,San Diego,+1-530-454-2486,VIP,2025-11-21
CUST0372,Customer 372,customer372@example.com,Philadelphia,+1-796-407-8709,Premium,2024-06-26
CUST0373,Customer 373,customer373@example.com,Houston,+1-419-122-8804,Basic,2025-09-07
CUST0374,Customer 374,customer374@example.com,Houston,+1-577-694-7319,Premium,2025-11-19
CUST0375,Customer 375,customer375@example.com,Dallas,+1-219-531-4953,VIP,2026-03-27
CUST0376,Customer 376,customer376@example.com,San Diego,+1-874-431-8235,Basic,2024-07-17
CUST0377,Customer 377,customer377@example.com,Los Angeles,+1-970-432-6067,Premium,2025-03-29
CUST0378,Customer 378,customer378@example.com,New York,+1-187-483-5506,Premium,2025-05-14
CUST0379,Customer 379,customer379@example.com,Houston,+1-862-814-6660,Premium,2024-07-03
CUST0380,Customer 380,customer380@example.com,San Diego,+1-611-816-9774,Premium,2025-02-26
CUST0381,Customer 381,customer381@example.com,San Jose,+1-268-949-7211,Premium,2024-08-20
CUST0382,Customer 382,customer382@example.com,Phoenix,+1-528-587-5074,Premium,2026-01-30
CUST0383,Customer 383,customer383@example.com,Los Angeles,+1-773-609-6352,VIP,2025-11-29
CUST0384,Customer 384,customer384@example.com,Houston,+1-244-616-3166,Premium,2024-08-16
CUST0385,Customer 385,customer385@example.com,San Antonio,+1-556-959-7088,VIP,2024-06-29
CUST0386,Customer 386,customer386@example.com,Chicago,+1-946-950-3792,Basic,2026-02-24
CUST0387,Customer 387,customer387@example.com,Dallas,+1-838-241-2896,Premium,2025-11-22
CUST0388,Customer 388,customer388@example.com,New York,+1-886-312-9728,VIP,2025-11-05
CUST0389,Customer 389,customer389@example.com,Dallas,+1-582-108-4097,VIP,2026-01-19
CUST0390,Customer 390,customer390@example.com,Houston,+1-845-910-3854,VIP,2025-06-19
CUST0391,Customer 391,customer391@example.com,Philadelphia,+1-397-959-6323,VIP,2024-07-05
CUST0392,Customer 392,customer392@example.com,Dallas,+1-210-496-9491,VIP,2025-01-23
CUST0393,Customer 393,customer393@example.com,Philadelphia,+1-927-181-8295,Basic,2026-01-14
CUST0394,Customer 394,customer394@example.com,Houston,+1-728-868-7947,Premium,2025-01-06
CUST0395,Customer 395,customer395@example.com,Los Angeles,+1-114-744-5469,Basic,2025-06-26
CUST0396,Customer 396,customer396@example.com,Houston,+1-229-981-5897,Basic,2025-10-29
CUST0397,Customer 397,customer397@example.com,Philadelphia,+1-115-636-7008,Premium,2025-06-28
CUST0398,Customer 398,customer398@example.com,New York,+1-844-805-3928,VIP,2025-03-21
CUST0399,Customer 399,customer399@example.com,Houston,+1-585-658-4037,Basic,2024-09-10
CUST0400,Customer 400,customer400@example.com,Phoenix,+1-158-670-7749,Basic,2026-03-31
CUST0401,Customer 401,customer401@example.com,San Diego,+1-411-589-8261,Basic,2025-02-10
CUST0402,Customer 402,customer402@example.com,Dallas,+1-418-162-7590,VIP,2025-06-07
CUST0403,Customer 403,customer403@example.com,Houston,+1-337-844-9606,VIP,2025-07-22
CUST0404,Customer 404,customer404@example.com,Dallas,+1-355-801-7304,VIP,2025-03-20
CUST0405,Customer 405,customer405@example.com,San Antonio,+1-664-723-3073,Premium,2024-07-24
CUST0406,Customer 406,customer406@example.com,Los Angeles,+1-587-918-5155,Basic,2026-03-04
CUST0407,Customer 407,customer407@example.com,New York,+1-658-142-7794,Basic,2024-10-11
CUST0408,Customer 408,customer408@example.com,Chicago,+1-378-447-4048,Basic,2025-11-19
CUST0409,Customer 409,customer409@example.com,Philadelphia,+1-463-254-9454,Basic,2025-06-17
CUST0410,Customer 410,customer410@example.com,Philadelphia,+1-273-400-2734,Basic,2025-06-18
CUST0411,Customer 411,customer411@example.com,Los Angeles,+1-586-321-2565,VIP,2026-04-14
CUST0412,Customer 412,customer412@example.com,Houston,+1-836-846-3874,VIP,2025-10-03
CUST0413,Customer 413,customer413@example.com,Houston,+1-202-357-1237,Basic,2025-08-18
CUST0414,Customer 414,customer414@example.com,San Diego,+1-716-335-3016,VIP,2024-07-16
CUST0415,Customer 415,customer415@example.com,San Antonio,+1-951-199-2625,Premium,2025-07-15
CUST0416,Customer 416,customer416@example.com,Phoenix,+1-158-343-1296,VIP,2026-03-19
CUST0417,Customer 417,customer417@example.com,Houston,+1-554-961-7218,VIP,2024-09-10
CUST0418,Customer 418,customer418@example.com,San Jose,+1-824-454-1796,Premium,2025-10-15
CUST0419,Customer 419,customer419@example.com,Philadelphia,+1-314-429-9798,VIP,2024-06-25
CUST0420,Customer 420,customer420@example.com,Chicago,+1-424-372-4938,VIP,2025-02-25
CUST0421,Customer 421,customer421@example.com,Houston,+1-642-169-6140,Basic,2025-04-15
CUST0422,Customer 422,customer422@example.com,Los Angeles,+1-447-457-7607,Basic,2025-11-18
CUST0423,Customer 423,customer423@example.com,Chicago,+1-386-734-6483,Premium,2025-04-21
CUST0424,Customer 424,customer424@example.com,Phoenix,+1-361-881-4895,VIP,2024-08-28
CUST0425,Customer 425,customer425@example.com,San Diego,+1-787-137-8851,VIP,2025-01-24
CUST0426,Customer 426,customer426@example.com,New York,+1-564-136-7405,VIP,2024-11-16
CUST0427,Customer 427,customer427@example.com,Los Angeles,+1-305-750-4974,Basic,2025-08-24
CUST0428,Customer 428,customer428@example.com,San Jose,+1-696-706-8814,Basic,2025-10-24
CUST0429,Customer 429,customer429@example.com,Los Angeles,+1-569-948-3335,Premium,2025-08-12
CUST0430,Customer 430,customer430@example.com,San Jose,+1-865-969-9942,VIP,2025-01-15
CUST0431,Customer 431,customer431@example.com,Houston,+1-767-682-9951,Basic,2025-03-02
CUST0432,Customer 432,customer432@example.com,San Jose,+1-268-709-9181,VIP,2026-04-15
CUST0433,Customer 433,customer433@example.com,Dallas,+1-178-548-7767,Basic,2025-09-28
CUST0434,Customer 434,customer434@example.com,San Diego,+1-732-452-9782,Basic,2024-07-14
CUST0435,Customer 435,customer435@example.com,Dallas,+1-939-420-3706,Premium,2025-02-19
CUST0436,Customer 436,customer436@example.com,San Jose,+1-792-319-8650,Basic,2026-01-01
CUST0437,Customer 437,customer437@example.com,Chicago,+1-243-369-5982,Basic,2025-06-15
CUST0438,Customer 438,customer438@example.com,Chicago,+1-169-879-3607,Basic,2025-07-13
CUST0439,Customer 439,customer439@example.com,Philadelphia,+1-803-358-9197,VIP,2026-01-20
CUST0440,Customer 440,customer440@example.com,Chicago,+1-243-333-9353,VIP,2026-04-20
CUST0441,Customer 441,customer441@example.com,Houston,+1-795-774-5383,Premium,2026-03-16
CUST0442,Customer 442,customer442@example.com,Dallas,+1-155-299-4583,Basic,2024-09-15
CUST0443,Customer 443,customer443@example.com,Philadelphia,+1-654-719-3530,VIP,2025-01-02
CUST0444,Customer 444,customer444@example.com,San Diego,+1-825-201-5416,Basic,2024-07-28
CUST0445,Customer 445,customer445@example.com,Philadelphia,+1-799-789-8954,Premium,2026-04-08
CUST0446,Customer 446,customer446@example.com,Philadelphia,+1-466-473-4103,VIP,2024-07-08
CUST0447,Customer 447,customer447@example.com,New York,+1-543-697-5471,VIP,2024-09-15
CUST0448,Customer 448,customer448@example.com,San Antonio,+1-493-325-3657,Premium,2025-12-12
CUST0449,Customer 449,customer449@example.com,Houston,+1-305-769-9964,Premium,2026-03-05
CUST0450,Customer 450,customer450@example.com,Philadelphia,+1-212-693-6823,Premium,2026-04-09
CUST0451,Customer 451,customer451@example.com,Dallas,+1-766-338-2852,VIP,2024-11-25
CUST0452,Customer 452,customer452@example.com,San Jose,+1-400-849-1267,Basic,2025-09-01
CUST0453,Customer 453,customer453@example.com,San Diego,+1-239-830-2668,VIP,2025-08-15
CUST0454,Customer 454,customer454@example.com,New York,+1-315-568-2676,VIP,2025-03-10
CUST0455,Customer 455,customer455@example.com,Houston,+1-449-858-9851,VIP,2025-10-20
CUST0456,Customer 456,customer456@example.com,Houston,+1-358-817-9714,Basic,2025-04-19
CUST0457,Customer 457,customer457@example.com,San Antonio,+1-183-600-8695,Premium,2025-04-30
CUST0458,Customer 458,customer458@example.com,San Diego,+1-486-474-2501,Basic,2025-06-21
CUST0459,Customer 459,customer459@example.com,Phoenix,+1-783-440-9314,Premium,2026-01-08
CUST0460,Customer 460,customer460@example.com,Phoenix,+1-972-586-1044,VIP,2024-09-21
CUST0461,Customer 461,customer461@example.com,New York,+1-719-149-2824,Premium,2024-12-20
CUST0462,Customer 462,customer462@example.com,San Antonio,+1-652-170-7552,Basic,2026-01-07
CUST0463,Customer 463,customer463@example.com,Houston,+1-280-865-6156,Premium,2025-03-18
CUST0464,Customer 464,customer464@example.com,San Jose,+1-124-234-8826,VIP,2024-11-07
CUST0465,Customer 465,customer465@example.com,San Antonio,+1-718-630-9807,Premium,2024-10-23
CUST0466,Customer 466,customer466@example.com,Dallas,+1-487-780-9332,Basic,2026-03-24
CUST0467,Customer 467,customer467@example.com,Houston,+1-846-112-2549,Basic,2025-04-27
CUST0468,Customer 468,customer468@example.com,Los Angeles,+1-492-809-6320,VIP,2025-12-23
CUST0469,Customer 469,customer469@example.com,New York,+1-995-885-1545,Premium,2025-02-17
CUST0470,Customer 470,customer470@example.com,Phoenix,+1-301-413-9344,Basic,2024-08-28
CUST0471,Customer 471,customer471@example.com,Chicago,+1-434-542-2017,VIP,2025-05-17
CUST0472,Customer 472,customer472@example.com,Los Angeles,+1-826-795-1259,VIP,2025-05-17
CUST0473,Customer 473,customer473@example.com,San Antonio,+1-234-268-6480,Premium,2024-11-16
CUST0474,Customer 474,customer474@example.com,San Antonio,+1-704-985-6944,VIP,2025-02-08
CUST0475,Customer 475,customer475@example.com,San Diego,+1-770-138-9853,Premium,2024-10-17
CUST0476,Customer 476,customer476@example.com,New York,+1-823-169-2082,Premium,2026-02-02
CUST0477,Customer 477,customer477@example.com,Houston,+1-227-891-1778,VIP,2024-10-24
CUST0478,Customer 478,customer478@example.com,Chicago,+1-272-631-3492,Premium,2025-02-20
CUST0479,Customer 479,customer479@example.com,San Antonio,+1-119-577-1111,VIP,2025-07-23
CUST0480,Customer 480,customer480@example.com,San Jose,+1-320-243-3170,VIP,2026-02-09
CUST0481,Customer 481,customer481@example.com,Philadelphia,+1-722-183-3183,VIP,2025-12-28
CUST0482,Customer 482,customer482@example.com,New York,+1-355-601-4713,Basic,2025-04-08
CUST0483,Customer 483,customer483@example.com,Phoenix,+1-440-256-5225,VIP,2025-10-29
CUST0484,Customer 484,customer484@example.com,Dallas,+1-874-328-9801,Premium,2024-04-21
CUST0485,Customer 485,customer485@example.com,San Antonio,+1-183-166-9114,Premium,2026-03-21
CUST0486,Customer 486,customer486@example.com,Los Angeles,+1-592-394-9080,VIP,2024-09-11
CUST0487,Customer 487,customer487@example.com,Dallas,+1-813-768-4329,Basic,2024-08-01
CUST0488,Customer 488,customer488@example.com,San Antonio,+1-950-306-8045,VIP,2025-03-25
CUST0489,Customer 489,customer489@example.com,San Antonio,+1-687-707-1545,Premium,2025-06-10
CUST0490,Customer 490,customer490@example.com,San Jose,+1-223-356-2402,VIP,2025-06-14
CUST0491,Customer 491,customer491@example.com,Phoenix,+1-512-712-2681,Basic,2025-10-25
CUST0492,Customer 492,customer492@example.com,Houston,+1-420-531-1769,VIP,2024-10-13
CUST0493,Customer 493,customer493@example.com,Philadelphia,+1-514-380-4147,VIP,2025-12-12
CUST0494,Customer 494,customer494@example.com,San Jose,+1-276-396-4986,Premium,2024-06-16
CUST0495,Customer 495,customer495@example.com,Chicago,+1-631-168-6349,VIP,2026-02-19
CUST0496,Customer 496,customer496@example.com,Philadelphia,+1-321-201-5444,Basic,2025-07-10
CUST0497,Customer 497,customer497@example.com,New York,+1-515-431-1807,VIP,2026-01-31
CUST0498,Customer 498,customer498@example.com,San Diego,+1-878-318-5509,Basic,2024-07-27
CUST0499,Customer 499,customer499@example.com,Dallas,+1-306-503-3562,Basic,2026-04-09
CUST0500,Customer 500,customer500@example.com,San Diego,+1-852-382-7884,VIP,2025-03-05
CUST0501,Customer 501,customer501@example.com,San Jose,+1-404-589-1543,Basic,2025-07-04
CUST0502,Customer 502,customer502@example.com,Philadelphia,+1-183-490-1143,VIP,2024-10-24
CUST0503,Customer 503,customer503@example.com,San Jose,+1-148-422-4756,VIP,2025-08-07
CUST0504,Customer 504,customer504@example.com,San Jose,+1-649-455-1427,VIP,2025-07-10
CUST0505,Customer 505,customer505@example.com,Houston,+1-645-898-3634,Basic,2024-08-30
CUST0506,Customer 506,customer506@example.com,Philadelphia,+1-711-777-9074,Premium,2025-04-15
CUST0507,Customer 507,customer507@example.com,Los Angeles,+1-726-873-6710,Basic,2025-12-30
CUST0508,Customer 508,customer508@example.com,Houston,+1-487-754-1038,Basic,2026-01-20
CUST0509,Customer 509,customer509@example.com,San Diego,+1-872-280-3656,Premium,2025-02-19
CUST0510,Customer 510,customer510@example.com,New York,+1-534-892-7121,Premium,2025-01-26
CUST0511,Customer 511,customer511@example.com,Philadelphia,+1-674-734-8090,Basic,2025-08-10
CUST0512,Customer 512,customer512@example.com,Los Angeles,+1-794-177-4057,Basic,2024-05-28
CUST0513,Customer 513,customer513@example.com,San Antonio,+1-774-263-4535,Basic,2024-12-28
CUST0514,Customer 514,customer514@example.com,Chicago,+1-635-628-5481,Premium,2024-07-06
CUST0515,Customer 515,customer515@example.com,Phoenix,+1-479-485-6383,Basic,2025-03-03
CUST0516,Customer 516,customer516@example.com,San Antonio,+1-415-992-9081,Premium,2025-06-07
CUST0517,Customer 517,customer517@example.com,San Antonio,+1-160-616-4008,Basic,2025-09-25
CUST0518,Customer 518,customer518@example.com,Phoenix,+1-574-983-5773,Premium,2025-02-16
CUST0519,Customer 519,customer519@example.com,Los Angeles,+1-993-810-8769,Premium,2025-05-23
CUST0520,Customer 520,customer520@example.com,Los Angeles,+1-366-542-4758,Basic,2025-01-17
CUST0521,Customer 521,customer521@example.com,New York,+1-272-123-4742,VIP,2024-08-04
CUST0522,Customer 522,customer522@example.com,San Jose,+1-448-858-3618,Basic,2025-01-31
CUST0523,Customer 523,customer523@example.com,New York,+1-408-495-8140,Premium,2025-01-01
CUST0524,Customer 524,customer524@example.com,Houston,+1-207-378-3401,Premium,2024-07-03
CUST0525,Customer 525,customer525@example.com,Houston,+1-489-207-1386,Basic,2024-09-05
CUST0526,Customer 526,customer526@example.com,New York,+1-543-896-3695,Basic,2024-06-19
CUST0527,Customer 527,customer527@example.com,New York,+1-765-332-4011,VIP,2025-12-21
CUST0528,Customer 528,customer528@example.com,Dallas,+1-744-629-7045,Premium,2025-10-06
CUST0529,Customer 529,customer529@example.com,San Jose,+1-989-105-6007,VIP,2025-06-12
CUST0530,Customer 530,customer530@example.com,Chicago,+1-482-761-7437,Basic,2025-07-26
CUST0531,Customer 531,customer531@example.com,San Diego,+1-414-844-2873,Basic,2026-02-01
CUST0532,Customer 532,customer532@example.com,San Jose,+1-275-325-8020,Basic,2024-05-25
CUST0533,Customer 533,customer533@example.com,Chicago,+1-102-144-5588,VIP,2026-03-20
CUST0534,Customer 534,customer534@example.com,Chicago,+1-277-755-7234,Basic,2026-02-23
CUST0535,Customer 535,customer535@example.com,Houston,+1-864-774-3209,Basic,2024-08-12
CUST0536,Customer 536,customer536@example.com,Chicago,+1-372-472-2835,Basic,2025-02-25
CUST0537,Customer 537,customer537@example.com,Philadelphia,+1-446-450-2759,Basic,2024-07-13
CUST0538,Customer 538,customer538@example.com,San Diego,+1-193-525-9890,Premium,2025-05-24
CUST0539,Customer 539,customer539@example.com,San Jose,+1-582-637-2730,Premium,2025-06-24
CUST0540,Customer 540,customer540@example.com,San Diego,+1-345-990-8671,Premium,2024-12-11
CUST0541,Customer 541,customer541@example.com,New York,+1-531-489-5214,Basic,2025-08-20
CUST0542,Customer 542,customer542@example.com,Dallas,+1-616-258-3472,Premium,2024-08-28
CUST0543,Customer 543,customer543@example.com,San Diego,+1-545-151-1852,Premium,2025-10-21
CUST0544,Customer 544,customer544@example.com,Chicago,+1-443-326-2157,Basic,2025-07-26
CUST0545,Customer 545,customer545@example.com,San Jose,+1-877-746-3445,VIP,2024-07-31
CUST0546,Customer 546,customer546@example.com,San Diego,+1-870-134-3449,Basic,2025-10-11
CUST0547,Customer 547,customer547@example.com,San Jose,+1-115-454-2524,Premium,2025-11-17
CUST0548,Customer 548,customer548@example.com,San Jose,+1-700-357-7077,VIP,2026-02-04
CUST0549,Customer 549,customer549@example.com,San Antonio,+1-177-448-3232,Basic,2024-12-23
CUST0550,Customer 550,customer550@example.com,Dallas,+1-182-686-4537,Basic,2025-04-27
CUST0551,Customer 551,customer551@example.com,Philadelphia,+1-940-835-5817,VIP,2025-03-15
CUST0552,Customer 552,customer552@example.com,Chicago,+1-322-189-2208,VIP,2025-09-02
CUST0553,Customer 553,customer553@example.com,Chicago,+1-379-210-6914,Basic,2025-08-28
CUST0554,Customer 554,customer554@example.com,New York,+1-483-756-4391,VIP,2025-07-25
CUST0555,Customer 555,customer555@example.com,Philadelphia,+1-856-390-9605,Premium,2025-02-21
CUST0556,Customer 556,customer556@example.com,San Jose,+1-818-908-9574,VIP,2024-08-08
CUST0557,Customer 557,customer557@example.com,Los Angeles,+1-852-937-1348,Premium,2025-01-02
CUST0558,Customer 558,customer558@example.com,Houston,+1-350-277-6862,Basic,2024-09-08
CUST0559,Customer 559,customer559@example.com,San Jose,+1-525-360-2428,Premium,2024-05-25
CUST0560,Customer 560,customer560@example.com,Philadelphia,+1-162-809-8441,Basic,2024-08-12
CUST0561,Customer 561,customer561@example.com,Phoenix,+1-382-628-2021,Basic,2024-09-27
CUST0562,Customer 562,customer562@example.com,San Jose,+1-306-203-6615,Premium,2024-11-30
CUST0563,Customer 563,customer563@example.com,Philadelphia,+1-982-520-9066,Basic,2024-11-19
CUST0564,Customer 564,customer564@example.com,Houston,+1-777-253-7006,Premium,2025-06-25
CUST0565,Customer 565,customer565@example.com,Phoenix,+1-962-286-3619,VIP,2026-04-04
CUST0566,Customer 566,customer566@example.com,Dallas,+1-605-424-8799,VIP,2026-03-16
CUST0567,Customer 567,customer567@example.com,Los Angeles,+1-494-567-1261,Basic,2025-01-03
CUST0568,Customer 568,customer568@example.com,San Jose,+1-502-925-5056,Basic,2025-03-01
CUST0569,Customer 569,customer569@example.com,San Diego,+1-419-869-6775,VIP,2024-10-14
CUST0570,Customer 570,customer570@example.com,Los Angeles,+1-473-590-4336,Basic,2026-01-14
CUST0571,Customer 571,customer571@example.com,New York,+1-459-165-6283,VIP,2025-04-06
CUST0572,Customer 572,customer572@example.com,Dallas,+1-896-888-9397,Premium,2026-03-23
CUST0573,Customer 573,customer573@example.com,Phoenix,+1-316-989-2274,Basic,2025-10-02
CUST0574,Customer 574,customer574@example.com,New York,+1-834-827-5502,Basic,2024-07-27
CUST0575,Customer 575,customer575@example.com,Los Angeles,+1-294-265-3080,Basic,2026-01-29
CUST0576,Customer 576,customer576@example.com,New York,+1-291-886-6191,Basic,2024-11-30
CUST0577,Customer 577,customer577@example.com,San Antonio,+1-941-618-1020,Premium,2026-01-09
CUST0578,Customer 578,customer578@example.com,San Diego,+1-399-193-8591,Basic,2025-04-01
CUST0579,Customer 579,customer579@example.com,Houston,+1-712-264-2685,Basic,2025-03-07
CUST0580,Customer 580,customer580@example.com,Philadelphia,+1-428-897-4510,Basic,2024-12-22
CUST0581,Customer 581,customer581@example.com,Philadelphia,+1-645-732-6354,Basic,2024-12-12
CUST0582,Customer 582,customer582@example.com,Dallas,+1-763-148-9605,VIP,2025-09-15
CUST0583,Customer 583,customer583@example.com,San Antonio,+1-626-766-3215,VIP,2025-06-25
CUST0584,Customer 584,customer584@example.com,San Diego,+1-907-185-4048,VIP,2026-01-06
CUST0585,Customer 585,customer585@example.com,San Jose,+1-926-314-6991,VIP,2024-05-19
CUST0586,Customer 586,customer586@example.com,Philadelphia,+1-686-591-2348,VIP,2026-01-13
CUST0587,Customer 587,customer587@example.com,San Jose,+1-263-594-1599,Premium,2025-05-31
CUST0588,Customer 588,customer588@example.com,Los Angeles,+1-801-153-9654,Premium,2024-10-12
CUST0589,Customer 589,customer589@example.com,New York,+1-348-151-1563,Premium,2025-12-31
CUST0590,Customer 590,customer590@example.com,Phoenix,+1-312-967-8700,VIP,2024-10-24
CUST0591,Customer 591,customer591@example.com,San Diego,+1-556-470-2219,Basic,2025-03-05
CUST0592,Customer 592,customer592@example.com,San Antonio,+1-984-581-4199,VIP,2025-07-10
CUST0593,Customer 593,customer593@example.com,Philadelphia,+1-182-218-5617,Basic,2025-07-20
CUST0594,Customer 594,customer594@example.com,San Diego,+1-457-982-1501,Premium,2024-10-27
CUST0595,Customer 595,customer595@example.com,Houston,+1-932-525-3068,Basic,2024-08-08
CUST0596,Customer 596,customer596@example.com,San Jose,+1-685-333-4478,VIP,2025-02-09
CUST0597,Customer 597,customer597@example.com,New York,+1-561-985-1478,Premium,2025-04-24
CUST0598,Customer 598,customer598@example.com,San Jose,+1-684-775-3457,Premium,2025-10-02
CUST0599,Customer 599,customer599@example.com,Chicago,+1-928-785-3612,VIP,2025-12-25
CUST0600,Customer 600,customer600@example.com,Houston,+1-906-617-5058,Basic,2024-11-25
CUST0601,Customer 601,customer601@example.com,San Diego,+1-509-113-6596,VIP,2026-02-20
CUST0602,Customer 602,customer602@example.com,New York,+1-620-440-6115,VIP,2025-07-05
CUST0603,Customer 603,customer603@example.com,New York,+1-286-363-9742,Premium,2025-08-15
CUST0604,Customer 604,customer604@example.com,Houston,+1-641-997-2543,Basic,2024-05-20
CUST0605,Customer 605,customer605@example.com,New York,+1-500-827-6733,VIP,2026-01-10
CUST0606,Customer 606,customer606@example.com,Phoenix,+1-842-173-7990,Premium,2025-07-29
CUST0607,Customer 607,customer607@example.com,Philadelphia,+1-436-152-8899,VIP,2025-06-24
CUST0608,Customer 608,customer608@example.com,San Diego,+1-540-324-9021,Premium,2026-04-15
CUST0609,Customer 609,customer609@example.com,Houston,+1-173-710-1297,VIP,2025-05-20
CUST0610,Customer 610,customer610@example.com,New York,+1-780-438-7006,VIP,2025-10-23
CUST0611,Customer 611,customer611@example.com,San Diego,+1-376-668-4706,VIP,2024-07-30
CUST0612,Customer 612,customer612@example.com,Philadelphia,+1-532-502-3379,Premium,2024-08-28
CUST0613,Customer 613,customer613@example.com,Dallas,+1-186-541-9646,VIP,2026-01-20
CUST0614,Customer 614,customer614@example.com,San Diego,+1-428-194-6947,VIP,2025-01-30
CUST0615,Customer 615,customer615@example.com,Phoenix,+1-525-991-6132,Premium,2025-02-24
CUST0616,Customer 616,customer616@example.com,San Antonio,+1-574-426-1689,Basic,2025-05-01
CUST0617,Customer 617,customer617@example.com,San Diego,+1-420-281-5548,Premium,2024-12-30
CUST0618,Customer 618,customer618@example.com,New York,+1-236-987-6035,VIP,2026-03-11
CUST0619,Customer 619,customer619@example.com,San Jose,+1-668-701-5869,Premium,2024-10-31
CUST0620,Customer 620,customer620@example.com,Houston,+1-448-173-5168,Premium,2024-12-25
CUST0621,Customer 621,customer621@example.com,Philadelphia,+1-739-898-7174,VIP,2025-08-01
CUST0622,Customer 622,customer622@example.com,San Diego,+1-666-896-5552,Premium,2024-09-13
CUST0623,Customer 623,customer623@example.com,Phoenix,+1-847-326-1828,Premium,2025-04-29
CUST0624,Customer 624,customer624@example.com,Los Angeles,+1-871-234-1843,VIP,2025-05-31
CUST0625,Customer 625,customer625@example.com,Phoenix,+1-290-811-2424,Premium,2024-05-21
CUST0626,Customer 626,customer626@example.com,Phoenix,+1-598-739-1274,VIP,2024-10-08
CUST0627,Customer 627,customer627@example.com,New York,+1-568-519-9597,VIP,2025-07-26
CUST0628,Customer 628,customer628@example.com,Philadelphia,+1-403-933-2583,Basic,2025-08-06
CUST0629,Customer 629,customer629@example.com,San Antonio,+1-995-622-4186,VIP,2025-03-09
CUST0630,Customer 630,customer630@example.com,San Antonio,+1-857-318-9905,Premium,2024-05-29
CUST0631,Customer 631,customer631@example.com,Dallas,+1-219-609-6145,VIP,2025-07-02
CUST0632,Customer 632,customer632@example.com,Chicago,+1-358-552-1803,VIP,2024-04-21
CUST0633,Customer 633,customer633@example.com,Philadelphia,+1-818-763-2673,Premium,2024-07-26
CUST0634,Customer 634,customer634@example.com,Dallas,+1-941-991-7595,Basic,2025-01-10
CUST0635,Customer 635,customer635@example.com,Los Angeles,+1-417-683-8454,Premium,2025-09-02
CUST0636,Customer 636,customer636@example.com,Los Angeles,+1-565-123-8514,Premium,2025-06-28
CUST0637,Customer 637,customer637@example.com,Dallas,+1-992-572-5134,VIP,2025-04-03
CUST0638,Customer 638,customer638@example.com,San Jose,+1-766-420-3473,Premium,2024-09-28
CUST0639,Customer 639,customer639@example.com,San Jose,+1-495-481-3604,VIP,2025-01-04
CUST0640,Customer 640,customer640@example.com,San Antonio,+1-507-887-3960,Basic,2025-12-24
CUST0641,Customer 641,customer641@example.com,San Jose,+1-562-222-9857,Basic,2025-01-20
CUST0642,Customer 642,customer642@example.com,Phoenix,+1-422-319-7207,Basic,2024-08-17
CUST0643,Customer 643,customer643@example.com,Houston,+1-296-142-2223,Basic,2025-10-10
CUST0644,Customer 644,customer644@example.com,Chicago,+1-154-647-1229,VIP,2025-07-26
CUST0645,Customer 645,customer645@example.com,San Diego,+1-535-942-6330,VIP,2024-08-16
CUST0646,Customer 646,customer646@example.com,Chicago,+1-142-208-1007,Premium,2024-04-27
CUST0647,Customer 647,customer647@example.com,San Jose,+1-959-106-8454,Basic,2025-02-27
CUST0648,Customer 648,customer648@example.com,Los Angeles,+1-969-517-7311,Premium,2025-08-01
CUST0649,Customer 649,customer649@example.com,San Jose,+1-744-235-1915,Basic,2025-06-18
CUST0650,Customer 650,customer650@example.com,Chicago,+1-419-420-6747,Premium,2025-05-15
CUST0651,Customer 651,customer651@example.com,Chicago,+1-635-262-2125,Basic,2026-03-06
CUST0652,Customer 652,customer652@example.com,Chicago,+1-433-531-8632,VIP,2026-02-16
CUST0653,Customer 653,customer653@example.com,New York,+1-908-946-3972,VIP,2025-08-02
CUST0654,Customer 654,customer654@example.com,San Jose,+1-451-776-8163,VIP,2025-12-30
CUST0655,Customer 655,customer655@example.com,San Diego,+1-439-702-8622,VIP,2026-01-23
CUST0656,Customer 656,customer656@example.com,Houston,+1-310-925-2841,VIP,2024-08-24
CUST0657,Customer 657,customer657@example.com,San Diego,+1-168-608-4042,Premium,2025-04-29
CUST0658,Customer 658,customer658@example.com,Chicago,+1-260-535-7422,Premium,2025-10-16
CUST0659,Customer 659,customer659@example.com,Chicago,+1-366-662-8019,Premium,2024-10-21
CUST0660,Customer 660,customer660@example.com,New York,+1-745-975-7040,VIP,2025-08-22
CUST0661,Customer 661,customer661@example.com,New York,+1-985-143-9913,VIP,2025-01-21
CUST0662,Customer 662,customer662@example.com,Phoenix,+1-766-533-1679,VIP,2025-06-17
CUST0663,Customer 663,customer663@example.com,Los Angeles,+1-329-380-9308,Premium,2024-09-11
CUST0664,Customer 664,customer664@example.com,Philadelphia,+1-156-356-3615,Premium,2025-08-10
CUST0665,Customer 665,customer665@example.com,San Antonio,+1-594-148-4423,Basic,2025-06-23
CUST0666,Customer 666,customer666@example.com,New York,+1-446-396-1302,VIP,2024-07-23
CUST0667,Customer 667,customer667@example.com,New York,+1-253-158-9425,VIP,2024-11-19
CUST0668,Customer 668,customer668@example.com,Los Angeles,+1-453-946-6297,Premium,2025-10-29
CUST0669,Customer 669,customer669@example.com,Los Angeles,+1-734-755-3118,Basic,2026-01-10
CUST0670,Customer 670,customer670@example.com,San Antonio,+1-507-780-2181,Basic,2025-01-02
CUST0671,Customer 671,customer671@example.com,San Antonio,+1-258-275-9255,Premium,2025-06-03
CUST0672,Customer 672,customer672@example.com,San Jose,+1-739-614-1144,Basic,2024-09-26
CUST0673,Customer 673,customer673@example.com,San Jose,+1-143-964-4748,VIP,2024-09-03
CUST0674,Customer 674,customer674@example.com,Houston,+1-279-238-6133,Premium,2024-07-26
CUST0675,Customer 675,customer675@example.com,Houston,+1-240-376-4353,VIP,2025-11-15
CUST0676,Customer 676,customer676@example.com,Houston,+1-979-450-1216,Premium,2025-09-25
CUST0677,Customer 677,customer677@example.com,Phoenix,+1-680-139-5645,Premium,2024-08-12
CUST0678,Customer 678,customer678@example.com,Phoenix,+1-713-912-2996,Premium,2025-06-15
CUST0679,Customer 679,customer679@example.com,New York,+1-510-787-5848,Premium,2026-03-16
CUST0680,Customer 680,customer680@example.com,Chicago,+1-634-960-4582,Premium,2025-08-10
CUST0681,Customer 681,customer681@example.com,Los Angeles,+1-916-705-8349,Premium,2024-06-04
CUST0682,Customer 682,customer682@example.com,Houston,+1-198-664-2660,Premium,2025-09-11
CUST0683,Customer 683,customer683@example.com,Philadelphia,+1-492-678-7343,Basic,2024-09-05
CUST0684,Customer 684,customer684@example.com,New York,+1-419-519-7509,Premium,2024-11-25
CUST0685,Customer 685,customer685@example.com,Phoenix,+1-951-815-5052,Premium,2025-03-06
CUST0686,Customer 686,customer686@example.com,Phoenix,+1-572-651-8045,Basic,2025-09-04
CUST0687,Customer 687,customer687@example.com,New York,+1-879-481-8769,Basic,2025-12-01
CUST0688,Customer 688,customer688@example.com,Phoenix,+1-600-176-5353,VIP,2024-09-03
CUST0689,Customer 689,customer689@example.com,Houston,+1-462-561-5929,VIP,2025-12-30
CUST0690,Customer 690,customer690@example.com,Los Angeles,+1-445-844-6951,VIP,2026-03-04
CUST0691,Customer 691,customer691@example.com,Chicago,+1-362-988-4812,Basic,2024-11-04
CUST0692,Customer 692,customer692@example.com,Phoenix,+1-609-917-2072,Basic,2025-12-30
CUST0693,Customer 693,customer693@example.com,Philadelphia,+1-584-758-6568,Basic,2026-01-21
CUST0694,Customer 694,customer694@example.com,New York,+1-463-725-3610,VIP,2025-07-30
CUST0695,Customer 695,customer695@example.com,Los Angeles,+1-878-659-2472,Premium,2024-11-26
CUST0696,Customer 696,customer696@example.com,Chicago,+1-700-619-8321,Premium,2025-02-02
CUST0697,Customer 697,customer697@example.com,San Jose,+1-683-397-2844,Basic,2025-06-29
CUST0698,Customer 698,customer698@example.com,Phoenix,+1-767-265-4103,Basic,2024-05-04
CUST0699,Customer 699,customer699@example.com,San Jose,+1-986-205-6694,Premium,2025-12-10
CUST0700,Customer 700,customer700@example.com,Philadelphia,+1-613-747-3514,Basic,2025-09-11
CUST0701,Customer 701,customer701@example.com,Los Angeles,+1-285-210-3367,Basic,2025-03-26
CUST0702,Customer 702,customer702@example.com,San Diego,+1-229-749-9718,Basic,2025-09-02
CUST0703,Customer 703,customer703@example.com,San Antonio,+1-903-978-6083,Premium,2025-12-11
CUST0704,Customer 704,customer704@example.com,San Antonio,+1-470-772-1870,Premium,2025-07-02
CUST0705,Customer 705,customer705@example.com,San Diego,+1-837-365-1502,Premium,2025-11-16
CUST0706,Customer 706,customer706@example.com,San Diego,+1-483-844-3033,VIP,2024-05-03
CUST0707,Customer 707,customer707@example.com,San Antonio,+1-762-582-6075,Basic,2025-10-11
CUST0708,Customer 708,customer708@example.com,Dallas,+1-813-270-5793,Basic,2026-01-22
CUST0709,Customer 709,customer709@example.com,San Jose,+1-239-183-1150,Basic,2024-09-01
CUST0710,Customer 710,customer710@example.com,San Jose,+1-748-245-2515,Premium,2025-08-23
CUST0711,Customer 711,customer711@example.com,Dallas,+1-977-337-3493,Basic,2024-05-07
CUST0712,Customer 712,customer712@example.com,Los Angeles,+1-737-470-1596,Premium,2025-10-26
CUST0713,Customer 713,customer713@example.com,San Antonio,+1-801-689-9669,VIP,2025-04-14
CUST0714,Customer 714,customer714@example.com,Chicago,+1-583-956-9301,Premium,2025-06-07
CUST0715,Customer 715,customer715@example.com,Los Angeles,+1-200-148-5906,Premium,2025-08-02
CUST0716,Customer 716,customer716@example.com,San Antonio,+1-778-548-6175,Basic,2024-10-14
CUST0717,Customer 717,customer717@example.com,Los Angeles,+1-859-891-8005,Premium,2025-09-06
CUST0718,Customer 718,customer718@example.com,San Jose,+1-398-440-8050,Premium,2024-07-17
CUST0719,Customer 719,customer719@example.com,San Diego,+1-855-429-2736,Premium,2025-04-23
CUST0720,Customer 720,customer720@example.com,Houston,+1-595-113-9084,Basic,2024-09-28
CUST0721,Customer 721,customer721@example.com,Los Angeles,+1-382-777-8647,Basic,2026-02-24
CUST0722,Customer 722,customer722@example.com,Chicago,+1-130-197-6165,Premium,2024-10-04
CUST0723,Customer 723,customer723@example.com,New York,+1-275-795-1435,Basic,2024-10-16
CUST0724,Customer 724,customer724@example.com,San Diego,+1-726-558-5070,VIP,2026-02-03
CUST0725,Customer 725,customer725@example.com,Los Angeles,+1-294-780-2405,Premium,2024-09-07
CUST0726,Customer 726,customer726@example.com,San Jose,+1-503-995-6380,Premium,2024-09-20
CUST0727,Customer 727,customer727@example.com,Dallas,+1-196-677-5140,VIP,2025-01-24
CUST0728,Customer 728,customer728@example.com,San Jose,+1-514-169-9813,Premium,2026-02-09
CUST0729,Customer 729,customer729@example.com,San Diego,+1-593-731-6912,Premium,2025-10-06
CUST0730,Customer 730,customer730@example.com,San Diego,+1-543-829-3804,VIP,2025-03-10
CUST0731,Customer 731,customer731@example.com,Chicago,+1-199-528-4193,Basic,2025-10-07
CUST0732,Customer 732,customer732@example.com,Philadelphia,+1-845-614-2373,Premium,2026-02-12
CUST0733,Customer 733,customer733@example.com,San Diego,+1-770-291-6377,VIP,2025-02-07
CUST0734,Customer 734,customer734@example.com,Houston,+1-297-811-8992,Basic,2025-11-30
CUST0735,Customer 735,customer735@example.com,Phoenix,+1-153-414-7429,Premium,2026-01-06
CUST0736,Customer 736,customer736@example.com,Phoenix,+1-670-812-1844,Premium,2024-11-24
CUST0737,Customer 737,customer737@example.com,New York,+1-502-398-7437,VIP,2025-02-04
CUST0738,Customer 738,customer738@example.com,Philadelphia,+1-694-711-2599,Premium,2024-10-23
CUST0739,Customer 739,customer739@example.com,San Diego,+1-409-270-7624,Basic,2025-10-15
CUST0740,Customer 740,customer740@example.com,Los Angeles,+1-401-672-8397,Basic,2025-12-09
CUST0741,Customer 741,customer741@example.com,Dallas,+1-315-266-2128,Basic,2025-02-27
CUST0742,Customer 742,customer742@example.com,Los Angeles,+1-512-120-9870,Basic,2025-05-08
CUST0743,Customer 743,customer743@example.com,Phoenix,+1-605-437-4997,Basic,2025-07-15
CUST0744,Customer 744,customer744@example.com,Los Angeles,+1-447-357-7477,VIP,2025-12-10
CUST0745,Customer 745,customer745@example.com,San Jose,+1-889-187-7361,VIP,2025-08-24
CUST0746,Customer 746,customer746@example.com,San Antonio,+1-837-801-5695,VIP,2024-05-10
CUST0747,Customer 747,customer747@example.com,Dallas,+1-428-974-4133,VIP,2024-10-11
CUST0748,Customer 748,customer748@example.com,Houston,+1-160-162-5195,VIP,2026-03-28
CUST0749,Customer 749,customer749@example.com,Dallas,+1-723-102-3689,Premium,2025-04-04
CUST0750,Customer 750,customer750@example.com,Phoenix,+1-274-778-9945,Premium,2024-08-06
CUST0751,Customer 751,customer751@example.com,Houston,+1-146-333-2175,Basic,2025-03-24
CUST0752,Customer 752,customer752@example.com,San Jose,+1-154-342-7599,Basic,2024-10-15
CUST0753,Customer 753,customer753@example.com,Chicago,+1-574-745-5988,Premium,2026-03-29
CUST0754,Customer 754,customer754@example.com,San Antonio,+1-851-432-1685,Basic,2025-03-04
CUST0755,Customer 755,customer755@example.com,Phoenix,+1-600-537-9209,Premium,2025-05-09
CUST0756,Customer 756,customer756@example.com,San Jose,+1-902-819-1761,Premium,2024-09-24
CUST0757,Customer 757,customer757@example.com,San Jose,+1-856-448-6402,Basic,2025-10-29
CUST0758,Customer 758,customer758@example.com,San Jose,+1-135-130-4214,Premium,2025-04-09
CUST0759,Customer 759,customer759@example.com,Phoenix,+1-546-552-8061,VIP,2026-03-01
CUST0760,Customer 760,customer760@example.com,San Diego,+1-774-440-9716,Basic,2025-08-06
CUST0761,Customer 761,customer761@example.com,Houston,+1-777-776-7145,Premium,2026-02-08
CUST0762,Customer 762,customer762@example.com,New York,+1-714-107-3238,VIP,2025-05-25
CUST0763,Customer 763,customer763@example.com,Philadelphia,+1-688-838-5442,VIP,2026-03-28
CUST0764,Customer 764,customer764@example.com,Houston,+1-921-745-9766,Premium,2026-03-30
CUST0765,Customer 765,customer765@example.com,Los Angeles,+1-249-869-9144,VIP,2025-06-28
CUST0766,Customer 766,customer766@example.com,San Antonio,+1-691-459-7639,Basic,2025-06-26
CUST0767,Customer 767,customer767@example.com,Dallas,+1-808-691-4428,Premium,2025-09-14
CUST0768,Customer 768,customer768@example.com,Los Angeles,+1-417-168-4439,VIP,2024-08-27
CUST0769,Customer 769,customer769@example.com,Los Angeles,+1-494-481-9118,VIP,2025-01-12
CUST0770,Customer 770,customer770@example.com,Dallas,+1-552-877-4571,Basic,2024-11-04
CUST0771,Customer 771,customer771@example.com,San Antonio,+1-103-647-5394,Premium,2025-05-05
CUST0772,Customer 772,customer772@example.com,Chicago,+1-626-618-8474,Basic,2024-08-30
CUST0773,Customer 773,customer773@example.com,Phoenix,+1-183-612-3142,VIP,2024-08-17
CUST0774,Customer 774,customer774@example.com,New York,+1-931-110-1256,Premium,2026-02-03
CUST0775,Customer 775,customer775@example.com,San Jose,+1-373-224-6078,Basic,2024-07-18
CUST0776,Customer 776,customer776@example.com,Philadelphia,+1-838-649-8393,Basic,2025-06-25
CUST0777,Customer 777,customer777@example.com,San Antonio,+1-384-984-7206,VIP,2026-04-01
CUST0778,Customer 778,customer778@example.com,Philadelphia,+1-321-667-1996,Premium,2024-10-02
CUST0779,Customer 779,customer779@example.com,San Antonio,+1-915-701-8444,Premium,2024-11-01
CUST0780,Customer 780,customer780@example.com,Chicago,+1-992-472-9955,Premium,2025-05-20
CUST0781,Customer 781,customer781@example.com,Phoenix,+1-430-385-6335,VIP,2025-08-18
CUST0782,Customer 782,customer782@example.com,Philadelphia,+1-152-521-2272,VIP,2025-10-30
CUST0783,Customer 783,customer783@example.com,Chicago,+1-164-220-1858,Premium,2026-03-24
CUST0784,Customer 784,customer784@example.com,Chicago,+1-556-357-5427,Premium,2024-07-12
CUST0785,Customer 785,customer785@example.com,Phoenix,+1-392-780-8492,Basic,2025-06-05
CUST0786,Customer 786,customer786@example.com,San Jose,+1-468-693-7005,Basic,2026-03-12
CUST0787,Customer 787,customer787@example.com,San Diego,+1-638-640-9536,Premium,2025-01-29
CUST0788,Customer 788,customer788@example.com,Houston,+1-527-182-6645,Basic,2025-03-14
CUST0789,Customer 789,customer789@example.com,Houston,+1-987-330-3616,VIP,2026-03-31
CUST0790,Customer 790,customer790@example.com,Philadelphia,+1-978-480-8186,Premium,2025-03-14
CUST0791,Customer 791,customer791@example.com,Los Angeles,+1-148-829-2544,Basic,2025-08-28
CUST0792,Customer 792,customer792@example.com,Phoenix,+1-497-958-5001,Premium,2025-06-15
CUST0793,Customer 793,customer793@example.com,Chicago,+1-351-577-1472,Basic,2025-09-02
CUST0794,Customer 794,customer794@example.com,Houston,+1-793-653-9265,VIP,2025-12-17
CUST0795,Customer 795,customer795@example.com,Phoenix,+1-382-823-2421,Premium,2026-03-20
CUST0796,Customer 796,customer796@example.com,Chicago,+1-267-922-2495,Basic,2025-08-30
CUST0797,Customer 797,customer797@example.com,Philadelphia,+1-933-429-6210,VIP,2026-04-15
CUST0798,Customer 798,customer798@example.com,Houston,+1-105-385-9165,Premium,2024-05-30
CUST0799,Customer 799,customer799@example.com,San Antonio,+1-252-277-9888,VIP,2026-02-15
CUST0800,Customer 800,customer800@example.com,San Diego,+1-462-566-6130,Premium,2026-03-12
CUST0801,Customer 801,customer801@example.com,Dallas,+1-306-616-4802,VIP,2026-03-30
CUST0802,Customer 802,customer802@example.com,San Jose,+1-685-719-5689,VIP,2025-08-21
CUST0803,Customer 803,customer803@example.com,Los Angeles,+1-129-457-5124,Premium,2025-11-08
CUST0804,Customer 804,customer804@example.com,Houston,+1-289-654-2706,Basic,2025-09-21
CUST0805,Customer 805,customer805@example.com,Dallas,+1-601-676-6245,Basic,2026-01-11
CUST0806,Customer 806,customer806@example.com,Los Angeles,+1-595-938-1611,Premium,2024-08-17
CUST0807,Customer 807,customer807@example.com,Los Angeles,+1-169-282-3961,Basic,2026-03-11
CUST0808,Customer 808,customer808@example.com,Los Angeles,+1-392-680-9512,Premium,2024-08-24
CUST0809,Customer 809,customer809@example.com,San Antonio,+1-343-243-4979,Premium,2024-07-05
CUST0810,Customer 810,customer810@example.com,Phoenix,+1-211-657-1052,Premium,2026-02-06
CUST0811,Customer 811,customer811@example.com,Houston,+1-530-843-3358,Premium,2024-04-21
CUST0812,Customer 812,customer812@example.com,Phoenix,+1-767-464-3228,VIP,2026-01-25
CUST0813,Customer 813,customer813@example.com,Phoenix,+1-719-709-4477,Premium,2026-03-27
CUST0814,Customer 814,customer814@example.com,Phoenix,+1-793-433-2222,Basic,2024-05-03
CUST0815,Customer 815,customer815@example.com,San Diego,+1-956-643-9082,VIP,2024-09-15
CUST0816,Customer 816,customer816@example.com,Dallas,+1-564-283-2039,VIP,2024-11-29
CUST0817,Customer 817,customer817@example.com,New York,+1-812-776-3224,VIP,2024-11-07
CUST0818,Customer 818,customer818@example.com,Phoenix,+1-715-662-6664,Basic,2025-08-24
CUST0819,Customer 819,customer819@example.com,San Jose,+1-342-865-7544,VIP,2025-06-24
CUST0820,Customer 820,customer820@example.com,Houston,+1-857-902-7263,Basic,2024-05-18
CUST0821,Customer 821,customer821@example.com,Los Angeles,+1-875-598-4473,VIP,2025-04-01
CUST0822,Customer 822,customer822@example.com,San Diego,+1-182-965-8973,Basic,2024-12-29
CUST0823,Customer 823,customer823@example.com,Philadelphia,+1-608-891-4580,Basic,2026-03-27
CUST0824,Customer 824,customer824@example.com,San Jose,+1-219-912-7420,VIP,2025-01-10
CUST0825,Customer 825,customer825@example.com,Houston,+1-157-750-1030,Premium,2026-02-27
CUST0826,Customer 826,customer826@example.com,San Diego,+1-775-283-5595,Basic,2025-05-11
CUST0827,Customer 827,customer827@example.com,Philadelphia,+1-397-115-7423,Basic,2025-07-16
CUST0828,Customer 828,customer828@example.com,San Diego,+1-459-728-2990,VIP,2024-08-02
CUST0829,Customer 829,customer829@example.com,San Jose,+1-758-165-2144,Premium,2024-05-13
CUST0830,Customer 830,customer830@example.com,Philadelphia,+1-336-917-3050,Premium,2024-08-10
CUST0831,Customer 831,customer831@example.com,Dallas,+1-482-806-7553,Premium,2025-07-24
CUST0832,Customer 832,customer832@example.com,San Jose,+1-199-996-1063,VIP,2025-08-04
CUST0833,Customer 833,customer833@example.com,New York,+1-802-980-1548,Basic,2024-08-26
CUST0834,Customer 834,customer834@example.com,San Jose,+1-951-100-8929,Premium,2024-11-20
CUST0835,Customer 835,customer835@example.com,Los Angeles,+1-400-216-5315,VIP,2025-02-01
CUST0836,Customer 836,customer836@example.com,Philadelphia,+1-968-280-4303,VIP,2026-01-11
CUST0837,Customer 837,customer837@example.com,Chicago,+1-789-951-3224,Basic,2024-06-23
CUST0838,Customer 838,customer838@example.com,San Diego,+1-776-102-9799,Premium,2026-01-29
CUST0839,Customer 839,customer839@example.com,San Diego,+1-123-417-2978,VIP,2025-03-29
CUST0840,Customer 840,customer840@example.com,Phoenix,+1-944-540-9685,Basic,2026-03-29
CUST0841,Customer 841,customer841@example.com,Chicago,+1-130-942-1435,Premium,2025-05-04
CUST0842,Customer 842,customer842@example.com,San Jose,+1-323-749-1076,VIP,2026-02-04
CUST0843,Customer 843,customer843@example.com,Dallas,+1-505-794-6965,Basic,2024-05-20
CUST0844,Customer 844,customer844@example.com,New York,+1-754-991-8652,Basic,2024-05-22
CUST0845,Customer 845,customer845@example.com,New York,+1-595-166-2465,VIP,2024-12-14
CUST0846,Customer 846,customer846@example.com,Houston,+1-689-233-9213,Premium,2025-11-14
CUST0847,Customer 847,customer847@example.com,San Antonio,+1-308-612-2207,Premium,2026-01-14
CUST0848,Customer 848,customer848@example.com,Houston,+1-293-121-7913,Basic,2024-08-01
CUST0849,Customer 849,customer849@example.com,Los Angeles,+1-762-536-8708,Basic,2025-08-13
CUST0850,Customer 850,customer850@example.com,San Diego,+1-744-834-6985,VIP,2026-04-10
CUST0851,Customer 851,customer851@example.com,New York,+1-829-950-8595,Premium,2025-07-08
CUST0852,Customer 852,customer852@example.com,Houston,+1-333-682-8413,VIP,2024-06-23
CUST0853,Customer 853,customer853@example.com,San Diego,+1-533-628-1679,VIP,2026-01-03
CUST0854,Customer 854,customer854@example.com,Philadelphia,+1-482-358-3652,Basic,2025-04-17
CUST0855,Customer 855,customer855@example.com,Dallas,+1-898-627-3822,Basic,2024-05-03
CUST0856,Customer 856,customer856@example.com,Philadelphia,+1-449-982-3843,Basic,2025-11-20
CUST0857,Customer 857,customer857@example.com,Los Angeles,+1-284-161-8362,VIP,2024-05-05
CUST0858,Customer 858,customer858@example.com,Philadelphia,+1-961-727-4306,VIP,2026-03-30
CUST0859,Customer 859,customer859@example.com,Houston,+1-807-459-6080,Premium,2024-11-18
CUST0860,Customer 860,customer860@example.com,San Jose,+1-359-550-1635,Premium,2024-12-14
CUST0861,Customer 861,customer861@example.com,Los Angeles,+1-815-383-8421,VIP,2025-10-27
CUST0862,Customer 862,customer862@example.com,San Jose,+1-332-688-2112,Basic,2025-03-05
CUST0863,Customer 863,customer863@example.com,Philadelphia,+1-502-497-7482,VIP,2024-08-30
CUST0864,Customer 864,customer864@example.com,Houston,+1-151-645-4153,Premium,2025-02-06
CUST0865,Customer 865,customer865@example.com,San Diego,+1-744-665-1600,Basic,2025-09-26
CUST0866,Customer 866,customer866@example.com,Dallas,+1-807-734-2460,VIP,2026-03-13
CUST0867,Customer 867,customer867@example.com,Dallas,+1-247-993-5946,Basic,2025-08-08
CUST0868,Customer 868,customer868@example.com,Philadelphia,+1-300-745-7578,VIP,2024-04-20
CUST0869,Customer 869,customer869@example.com,Dallas,+1-309-294-3430,VIP,2024-07-12
CUST0870,Customer 870,customer870@example.com,Chicago,+1-410-292-2022,Premium,2025-12-12
CUST0871,Customer 871,customer871@example.com,Philadelphia,+1-634-189-6027,VIP,2024-09-07
CUST0872,Customer 872,customer872@example.com,Dallas,+1-387-774-6847,Premium,2025-09-03
CUST0873,Customer 873,customer873@example.com,Los Angeles,+1-963-747-4230,Basic,2025-05-20
CUST0874,Customer 874,customer874@example.com,San Antonio,+1-567-859-4270,VIP,2026-04-17
CUST0875,Customer 875,customer875@example.com,Houston,+1-938-453-1279,Basic,2025-05-01
CUST0876,Customer 876,customer876@example.com,San Diego,+1-975-387-2248,Premium,2026-02-13
CUST0877,Customer 877,customer877@example.com,San Diego,+1-627-967-1217,Basic,2025-10-28
CUST0878,Customer 878,customer878@example.com,Los Angeles,+1-113-688-6546,Basic,2026-04-03
CUST0879,Customer 879,customer879@example.com,New York,+1-756-470-2383,Premium,2024-07-25
CUST0880,Customer 880,customer880@example.com,Dallas,+1-368-609-7293,VIP,2024-12-15
CUST0881,Customer 881,customer881@example.com,New York,+1-109-613-3596,Premium,2025-03-20
CUST0882,Customer 882,customer882@example.com,San Antonio,+1-199-436-3345,VIP,2025-05-04
CUST0883,Customer 883,customer883@example.com,Dallas,+1-606-888-7908,Premium,2024-08-14
CUST0884,Customer 884,customer884@example.com,Philadelphia,+1-590-237-1307,Premium,2024-12-26
CUST0885,Customer 885,customer885@example.com,Los Angeles,+1-446-395-3029,Basic,2026-04-10
CUST0886,Customer 886,customer886@example.com,Phoenix,+1-478-738-8572,Premium,2025-05-07
CUST0887,Customer 887,customer887@example.com,Chicago,+1-384-254-7194,VIP,2024-06-03
CUST0888,Customer 888,customer888@example.com,Philadelphia,+1-653-939-9593,VIP,2025-03-26
CUST0889,Customer 889,customer889@example.com,San Antonio,+1-684-383-6901,Premium,2025-12-10
CUST0890,Customer 890,customer890@example.com,Los Angeles,+1-702-580-9089,VIP,2026-03-01
CUST0891,Customer 891,customer891@example.com,San Antonio,+1-560-398-9489,Premium,2024-11-01
CUST0892,Customer 892,customer892@example.com,San Jose,+1-791-914-4083,Premium,2025-06-06
CUST0893,Customer 893,customer893@example.com,Dallas,+1-538-955-7206,Premium,2025-11-16
CUST0894,Customer 894,customer894@example.com,Houston,+1-116-160-4147,Basic,2025-01-13
CUST0895,Customer 895,customer895@example.com,Chicago,+1-929-241-1784,VIP,2024-07-04
CUST0896,Customer 896,customer896@example.com,San Antonio,+1-671-587-9951,VIP,2025-12-14
CUST0897,Customer 897,customer897@example.com,Houston,+1-785-669-4184,Premium,2025-01-24
CUST0898,Customer 898,customer898@example.com,San Diego,+1-487-356-5332,Premium,2024-12-10
CUST0899,Customer 899,customer899@example.com,San Jose,+1-120-434-1931,Basic,2024-12-14
CUST0900,Customer 900,customer900@example.com,San Antonio,+1-501-248-1268,Premium,2025-01-10
CUST0901,Customer 901,customer901@example.com,Dallas,+1-180-898-4956,Basic,2024-09-07
CUST0902,Customer 902,customer902@example.com,San Jose,+1-675-981-5487,Premium,2026-02-18
CUST0903,Customer 903,customer903@example.com,Los Angeles,+1-633-325-3029,VIP,2025-04-07
CUST0904,Customer 904,customer904@example.com,Dallas,+1-905-965-6060,Premium,2024-12-26
CUST0905,Customer 905,customer905@example.com,Dallas,+1-503-703-7047,Premium,2024-09-23
CUST0906,Customer 906,customer906@example.com,Philadelphia,+1-890-880-1338,Basic,2025-06-05
CUST0907,Customer 907,customer907@example.com,Phoenix,+1-932-445-7408,VIP,2025-09-27
CUST0908,Customer 908,customer908@example.com,Dallas,+1-610-906-3647,VIP,2024-09-20
CUST0909,Customer 909,customer909@example.com,San Diego,+1-998-785-7833,Basic,2025-08-18
CUST0910,Customer 910,customer910@example.com,San Jose,+1-856-504-2928,Premium,2024-07-03
CUST0911,Customer 911,customer911@example.com,San Antonio,+1-825-681-6166,Premium,2026-01-03
CUST0912,Customer 912,customer912@example.com,Chicago,+1-270-597-4645,Basic,2024-06-10
CUST0913,Customer 913,customer913@example.com,Philadelphia,+1-365-848-7298,Basic,2024-09-05
CUST0914,Customer 914,customer914@example.com,San Jose,+1-614-691-8550,Basic,2026-02-10
CUST0915,Customer 915,customer915@example.com,Phoenix,+1-270-145-9431,Basic,2024-08-31
CUST0916,Customer 916,customer916@example.com,New York,+1-981-824-5275,Basic,2024-12-20
CUST0917,Customer 917,customer917@example.com,New York,+1-191-359-3768,Premium,2024-10-18
CUST0918,Customer 918,customer918@example.com,Philadelphia,+1-303-517-1334,VIP,2025-07-16
CUST0919,Customer 919,customer919@example.com,Phoenix,+1-964-962-1404,Basic,2026-02-15
CUST0920,Customer 920,customer920@example.com,Phoenix,+1-106-529-4514,Basic,2024-11-03
CUST0921,Customer 921,customer921@example.com,Houston,+1-762-731-6624,Basic,2025-11-11
CUST0922,Customer 922,customer922@example.com,Phoenix,+1-409-158-9275,Premium,2024-11-23
CUST0923,Customer 923,customer923@example.com,Dallas,+1-731-180-4718,Basic,2025-02-21
CUST0924,Customer 924,customer924@example.com,Chicago,+1-383-643-1061,VIP,2024-08-07
CUST0925,Customer 925,customer925@example.com,San Antonio,+1-747-723-8925,Basic,2025-03-20
CUST0926,Customer 926,customer926@example.com,Dallas,+1-796-852-7313,Premium,2024-07-09
CUST0927,Customer 927,customer927@example.com,Houston,+1-782-734-4977,VIP,2025-11-10
CUST0928,Customer 928,customer928@example.com,Houston,+1-620-652-8267,VIP,2025-10-03
CUST0929,Customer 929,customer929@example.com,Chicago,+1-918-796-8444,Basic,2024-09-23
CUST0930,Customer 930,customer930@example.com,Los Angeles,+1-131-749-4397,Premium,2026-03-26
CUST0931,Customer 931,customer931@example.com,San Diego,+1-992-329-8453,Basic,2024-06-21
CUST0932,Customer 932,customer932@example.com,Philadelphia,+1-171-415-6917,Premium,2025-02-11
CUST0933,Customer 933,customer933@example.com,San Diego,+1-211-327-9629,VIP,2026-01-23
CUST0934,Customer 934,customer934@example.com,Phoenix,+1-140-830-2986,Basic,2024-05-17
CUST0935,Customer 935,customer935@example.com,Houston,+1-785-912-3236,Premium,2024-11-21
CUST0936,Customer 936,customer936@example.com,Chicago,+1-749-903-5906,VIP,2025-02-15
CUST0937,Customer 937,customer937@example.com,Phoenix,+1-371-500-1323,VIP,2026-01-31
CUST0938,Customer 938,customer938@example.com,Philadelphia,+1-421-762-8613,Basic,2024-11-26
CUST0939,Customer 939,customer939@example.com,New York,+1-558-551-3608,VIP,2025-01-23
CUST0940,Customer 940,customer940@example.com,Houston,+1-963-722-3992,VIP,2025-10-15
CUST0941,Customer 941,customer941@example.com,Phoenix,+1-826-975-1511,Premium,2026-04-01
CUST0942,Customer 942,customer942@example.com,Philadelphia,+1-879-783-4582,VIP,2024-07-12
CUST0943,Customer 943,customer943@example.com,Dallas,+1-699-273-2762,Premium,2024-08-28
CUST0944,Customer 944,customer944@example.com,San Diego,+1-886-725-1689,VIP,2025-01-23
CUST0945,Customer 945,customer945@example.com,Chicago,+1-431-792-1920,Premium,2025-12-13
CUST0946,Customer 946,customer946@example.com,Dallas,+1-402-258-7325,Premium,2025-12-16
CUST0947,Customer 947,customer947@example.com,San Diego,+1-804-843-9532,Basic,2025-08-18
CUST0948,Customer 948,customer948@example.com,San Jose,+1-567-761-7149,Basic,2024-07-10
CUST0949,Customer 949,customer949@example.com,San Jose,+1-466-692-9783,VIP,2024-12-07
CUST0950,Customer 950,customer950@example.com,San Jose,+1-486-685-4857,Premium,2025-02-16
CUST0951,Customer 951,customer951@example.com,Chicago,+1-930-456-5709,VIP,2025-06-03
CUST0952,Customer 952,customer952@example.com,Philadelphia,+1-124-947-2945,Basic,2024-08-12
CUST0953,Customer 953,customer953@example.com,Houston,+1-343-738-7340,VIP,2026-02-13
CUST0954,Customer 954,customer954@example.com,San Jose,+1-153-636-5711,Basic,2026-01-18
CUST0955,Customer 955,customer955@example.com,Los Angeles,+1-301-788-1377,Basic,2025-08-11
CUST0956,Customer 956,customer956@example.com,San Diego,+1-608-673-2065,Basic,2025-01-20
CUST0957,Customer 957,customer957@example.com,Houston,+1-877-568-1922,VIP,2025-06-29
CUST0958,Customer 958,customer958@example.com,New York,+1-159-869-3105,Basic,2025-09-10
CUST0959,Customer 959,customer959@example.com,San Diego,+1-906-240-8007,VIP,2026-01-29
CUST0960,Customer 960,customer960@example.com,Philadelphia,+1-453-609-2352,Basic,2025-10-05
CUST0961,Customer 961,customer961@example.com,Philadelphia,+1-613-945-2911,Basic,2024-06-16
CUST0962,Customer 962,customer962@example.com,San Jose,+1-279-389-4181,Premium,2024-05-29
CUST0963,Customer 963,customer963@example.com,Los Angeles,+1-611-995-9580,Basic,2026-02-17
CUST0964,Customer 964,customer964@example.com,Phoenix,+1-757-170-8769,Basic,2025-03-22
CUST0965,Customer 965,customer965@example.com,San Diego,+1-390-100-3593,VIP,2025-10-21
CUST0966,Customer 966,customer966@example.com,San Jose,+1-457-416-2058,Basic,2024-07-11
CUST0967,Customer 967,customer967@example.com,San Diego,+1-235-850-2760,VIP,2026-01-23
CUST0968,Customer 968,customer968@example.com,New York,+1-829-227-1518,Premium,2024-12-28
CUST0969,Customer 969,customer969@example.com,San Diego,+1-975-833-3125,Premium,2025-12-07
CUST0970,Customer 970,customer970@example.com,San Diego,+1-392-700-6185,Premium,2024-07-18
CUST0971,Customer 971,customer971@example.com,Phoenix,+1-163-934-5372,VIP,2025-09-03
CUST0972,Customer 972,customer972@example.com,Phoenix,+1-416-699-2352,Premium,2024-05-18
CUST0973,Customer 973,customer973@example.com,Phoenix,+1-925-450-8720,Basic,2024-11-30
CUST0974,Customer 974,customer974@example.com,Chicago,+1-537-963-5470,Premium,2025-07-30
CUST0975,Customer 975,customer975@example.com,San Jose,+1-978-335-6386,Basic,2026-02-03
CUST0976,Customer 976,customer976@example.com,Philadelphia,+1-122-119-8099,Premium,2024-11-29
CUST0977,Customer 977,customer977@example.com,San Jose,+1-185-814-7882,VIP,2025-05-19
CUST0978,Customer 978,customer978@example.com,Phoenix,+1-381-639-8109,Premium,2024-07-07
CUST0979,Customer 979,customer979@example.com,Dallas,+1-961-119-1618,Basic,2024-07-15
CUST0980,Customer 980,customer980@example.com,Philadelphia,+1-558-528-6868,Basic,2024-06-28
CUST0981,Customer 981,customer981@example.com,Phoenix,+1-661-389-9674,Premium,2024-08-08
CUST0982,Customer 982,customer982@example.com,San Antonio,+1-461-788-5516,Premium,2024-07-21
CUST0983,Customer 983,customer983@example.com,San Jose,+1-561-812-6750,Basic,2025-12-18
CUST0984,Customer 984,customer984@example.com,Houston,+1-779-203-7726,Premium,2024-09-06
CUST0985,Customer 985,customer985@example.com,San Diego,+1-337-491-6224,Basic,2025-07-28
CUST0986,Customer 986,customer986@example.com,Philadelphia,+1-705-423-6622,Premium,2024-12-27
CUST0987,Customer 987,customer987@example.com,Phoenix,+1-675-193-6965,VIP,2025-11-10
CUST0988,Customer 988,customer988@example.com,Los Angeles,+1-995-838-8795,Premium,2025-10-04
CUST0989,Customer 989,customer989@example.com,San Antonio,+1-711-257-5528,Premium,2024-07-31
CUST0990,Customer 990,customer990@example.com,Philadelphia,+1-375-297-2549,VIP,2025-08-15
CUST0991,Customer 991,customer991@example.com,New York,+1-111-500-3808,VIP,2025-10-09
CUST0992,Customer 992,customer992@example.com,San Antonio,+1-775-981-8134,Premium,2024-05-22
CUST0993,Customer 993,customer993@example.com,San Jose,+1-820-445-3678,VIP,2026-02-16
CUST0994,Customer 994,customer994@example.com,San Diego,+1-826-588-2318,VIP,2025-08-12
CUST0995,Customer 995,customer995@example.com,San Jose,+1-187-126-3818,Basic,2025-11-21
CUST0996,Customer 996,customer996@example.com,Phoenix,+1-683-579-8997,Basic,2025-02-22
CUST0997,Customer 997,customer997@example.com,Phoenix,+1-457-863-8252,Premium,2024-07-25
CUST0998,Customer 998,customer998@example.com,Los Angeles,+1-187-116-4040,Basic,2025-10-26
CUST0999,Customer 999,customer999@example.com,New York,+1-828-924-9085,Premium,2025-07-25
CUST1000,Customer 1000,customer1000@example.com,Philadelphia,+1-381-390-9083,Premium,2025-04-29
